{"stat.flyOneCm":71765,"stat.walkOneCm":33093,"stat.drop":9,"stat.useItem.minecraft.bedrock":114,"stat.jump":142,"stat.swimOneCm":1255,"stat.playOneMinute":10303,"achievement.openInventory":6,"stat.fallOneCm":422,"stat.damageDealt":255,"stat.crouchOneCm":410,"stat.timeSinceDeath":10303,"stat.useItem.minecraft.obsidian":3,"stat.useItem.minecraft.dirt":1,"stat.sprintOneCm":20383,"stat.mineBlock.minecraft.dirt":2,"stat.mobKills":2,"stat.killEntity.Pig":2,"stat.useItem.minecraft.porkchop":2,"achievement.exploreAllBiomes":{"value":0,"progress":["Mesa","River","Plains"]},"stat.mineBlock.minecraft.tallgrass":62}