{"stat.chestOpened":16,"stat.beaconInteraction":1,"stat.useItem.minecraft.command_block":1,"stat.walkOneCm":249003,"stat.useItem.minecraft.torch":1,"stat.useItem.minecraft.quartz_block":8,"stat.playerKills":3,"stat.useItem.minecraft.chest":1,"stat.leaveGame":1,"stat.useItem.minecraft.log":1,"stat.useItem.minecraft.cooked_porkchop":7,"stat.useItem.minecraft.porkchop":2,"stat.minecartOneCm":13405,"stat.talkedToVillager":1,"stat.useItem.minecraft.potion":1,"stat.useItem.minecraft.bedrock":179,"stat.jump":664,"stat.swimOneCm":1255,"stat.fallOneCm":29714,"stat.climbOneCm":2522,"stat.entityKilledBy.Skeleton":1,"stat.useItem.minecraft.golden_axe":13,"stat.crouchOneCm":20827,"stat.mineBlock.minecraft.chest":1,"stat.useItem.minecraft.stained_hardened_clay":109,"stat.useItem.minecraft.obsidian":3,"stat.useItem.minecraft.dirt":1,"stat.sprintOneCm":78350,"achievement.exploreAllBiomes":{"value":0,"progress":["Mesa","River","Plains","Desert"]},"stat.craftingTableInteraction":1,"stat.useItem.minecraft.sandstone_stairs":2,"achievement.openInventory":105,"stat.killEntity.Chicken":1,"stat.damageTaken":6394,"stat.mineBlock.minecraft.torch":1,"stat.breakItem.minecraft.leather_boots":1,"stat.useItem.minecraft.ender_eye":11,"stat.mobKills":6,"stat.entityKilledBy.Creeper":2,"stat.flyOneCm":451981,"stat.cauldronUsed":3,"stat.deaths":17,"stat.useItem.minecraft.end_portal_frame":12,"stat.drop":48,"stat.playOneMinute":69473,"stat.entityKilledBy.Zombie":6,"stat.mineBlock.minecraft.glass":2,"stat.damageDealt":1890,"stat.timeSinceDeath":2000,"stat.mineBlock.minecraft.dirt":2,"stat.breakItem.minecraft.leather_leggings":1,"stat.killEntity.Pig":2,"stat.mineBlock.minecraft.tallgrass":62,"stat.useItem.minecraft.sandstone":12}