{"stat.chestOpened":21,"stat.beaconInteraction":1,"stat.useItem.minecraft.command_block":1,"stat.walkOneCm":314132,"stat.useItem.minecraft.torch":1,"stat.useItem.minecraft.quartz_block":8,"stat.playerKills":5,"stat.useItem.minecraft.chest":1,"stat.leaveGame":1,"stat.useItem.minecraft.log":1,"stat.useItem.minecraft.cooked_porkchop":9,"stat.useItem.minecraft.porkchop":2,"stat.minecartOneCm":13405,"stat.talkedToVillager":1,"stat.useItem.minecraft.potion":1,"stat.useItem.minecraft.bedrock":179,"stat.jump":913,"stat.swimOneCm":1255,"stat.fallOneCm":33886,"stat.climbOneCm":3539,"stat.entityKilledBy.Skeleton":1,"stat.useItem.minecraft.golden_axe":14,"stat.crouchOneCm":22523,"stat.mineBlock.minecraft.chest":1,"stat.useItem.minecraft.stained_hardened_clay":114,"stat.useItem.minecraft.obsidian":3,"stat.useItem.minecraft.dirt":1,"stat.useItem.minecraft.cookie":4,"stat.sprintOneCm":93325,"achievement.exploreAllBiomes":{"value":0,"progress":["Mesa","River","Plains","Desert"]},"stat.craftingTableInteraction":1,"stat.breakItem.minecraft.golden_axe":1,"stat.useItem.minecraft.sandstone_stairs":2,"achievement.openInventory":123,"stat.killEntity.Chicken":1,"stat.damageTaken":7863,"stat.useItem.minecraft.golden_pickaxe":5,"stat.mineBlock.minecraft.torch":1,"stat.breakItem.minecraft.leather_boots":1,"stat.useItem.minecraft.ender_eye":11,"stat.mobKills":6,"stat.entityKilledBy.Creeper":2,"stat.flyOneCm":503109,"stat.cauldronUsed":3,"stat.deaths":22,"stat.useItem.minecraft.end_portal_frame":12,"stat.drop":49,"stat.playOneMinute":81978,"stat.entityKilledBy.Zombie":6,"stat.mineBlock.minecraft.glass":2,"stat.damageDealt":2440,"stat.timeSinceDeath":9727,"stat.mineBlock.minecraft.dirt":2,"stat.breakItem.minecraft.leather_leggings":1,"stat.killEntity.Pig":2,"stat.mineBlock.minecraft.tallgrass":62,"stat.useItem.minecraft.sandstone":12}