{"stat.useItem.minecraft.command_block":1,"stat.flyOneCm":179705,"stat.walkOneCm":42268,"stat.drop":9,"stat.useItem.minecraft.bedrock":178,"stat.jump":176,"stat.swimOneCm":1255,"stat.playOneMinute":22029,"achievement.openInventory":8,"stat.fallOneCm":422,"stat.damageDealt":255,"stat.crouchOneCm":1744,"stat.timeSinceDeath":22029,"stat.useItem.minecraft.obsidian":3,"stat.useItem.minecraft.dirt":1,"stat.sprintOneCm":21078,"stat.mineBlock.minecraft.dirt":2,"stat.mobKills":2,"stat.killEntity.Pig":2,"stat.useItem.minecraft.porkchop":2,"achievement.exploreAllBiomes":{"value":0,"progress":["Mesa","River","Plains"]},"stat.mineBlock.minecraft.tallgrass":62}