{"stat.useItem.minecraft.command_block":1,"stat.walkOneCm":56325,"stat.useItem.minecraft.quartz_block":1,"achievement.openInventory":23,"stat.useItem.minecraft.log":1,"stat.mobKills":2,"stat.useItem.minecraft.porkchop":2,"stat.flyOneCm":301806,"stat.drop":9,"stat.useItem.minecraft.bedrock":179,"stat.jump":191,"stat.swimOneCm":1255,"stat.playOneMinute":34622,"stat.fallOneCm":422,"stat.damageDealt":255,"stat.crouchOneCm":2854,"stat.timeSinceDeath":34622,"stat.useItem.minecraft.stained_hardened_clay":101,"stat.useItem.minecraft.obsidian":3,"stat.useItem.minecraft.dirt":1,"stat.mineBlock.minecraft.dirt":2,"stat.sprintOneCm":22780,"stat.killEntity.Pig":2,"achievement.exploreAllBiomes":{"value":0,"progress":["Mesa","River","Plains","Desert"]},"stat.mineBlock.minecraft.tallgrass":62}