{"stat.chestOpened":29,"stat.beaconInteraction":1,"stat.useItem.minecraft.command_block":1,"stat.walkOneCm":411924,"stat.useItem.minecraft.torch":1,"stat.useItem.minecraft.quartz_block":8,"stat.playerKills":9,"stat.useItem.minecraft.chest":1,"stat.useItem.minecraft.stone":1,"stat.leaveGame":1,"stat.useItem.minecraft.log":1,"stat.useItem.minecraft.cooked_porkchop":11,"stat.useItem.minecraft.porkchop":2,"stat.minecartOneCm":13405,"stat.talkedToVillager":5,"stat.useItem.minecraft.diamond_sword":72,"stat.useItem.minecraft.potion":1,"stat.mineBlock.minecraft.stained_glass":1,"stat.craftItem.minecraft.diamond_sword":1,"stat.useItem.minecraft.bedrock":179,"stat.jump":1196,"stat.swimOneCm":1255,"stat.fallOneCm":39117,"stat.climbOneCm":3744,"stat.useItem.minecraft.planks":2,"stat.entityKilledBy.Skeleton":1,"stat.useItem.minecraft.golden_axe":14,"stat.crouchOneCm":22972,"stat.mineBlock.minecraft.chest":1,"achievement.mineWood":1,"stat.useItem.minecraft.stained_hardened_clay":153,"stat.useItem.minecraft.obsidian":3,"stat.useItem.minecraft.dirt":1,"stat.useItem.minecraft.cookie":4,"stat.sprintOneCm":135831,"achievement.exploreAllBiomes":{"value":0,"progress":["Mesa","River","Plains","Desert"]},"stat.craftItem.minecraft.stick":4,"stat.craftingTableInteraction":3,"stat.breakItem.minecraft.golden_axe":1,"stat.useItem.minecraft.sandstone_stairs":2,"achievement.openInventory":153,"stat.craftItem.minecraft.planks":4,"stat.killEntity.Chicken":2,"stat.damageTaken":10402,"stat.useItem.minecraft.golden_pickaxe":5,"stat.mineBlock.minecraft.torch":1,"stat.useItem.minecraft.gold_block":1,"stat.breakItem.minecraft.leather_boots":1,"stat.useItem.minecraft.ender_eye":11,"stat.mobKills":7,"stat.mineBlock.minecraft.log":1,"stat.entityKilledBy.Creeper":2,"stat.useItem.minecraft.golden_apple":8,"stat.flyOneCm":598514,"stat.cauldronUsed":3,"stat.deaths":31,"stat.useItem.minecraft.end_portal_frame":12,"stat.drop":55,"stat.playOneMinute":93582,"stat.entityKilledBy.Zombie":6,"stat.mineBlock.minecraft.glass":2,"stat.damageDealt":8945,"stat.timeSinceDeath":210,"stat.mineBlock.minecraft.dirt":2,"stat.breakItem.minecraft.leather_leggings":1,"stat.killEntity.Pig":2,"stat.mineBlock.minecraft.tallgrass":62,"stat.breakItem.minecraft.chainmail_boots":1,"stat.useItem.minecraft.sandstone":12}