{"stat.chestOpened":8,"stat.beaconInteraction":1,"stat.useItem.minecraft.command_block":1,"stat.walkOneCm":178287,"stat.useItem.minecraft.quartz_block":8,"stat.leaveGame":1,"stat.useItem.minecraft.log":1,"stat.useItem.minecraft.cooked_porkchop":3,"stat.useItem.minecraft.porkchop":2,"stat.minecartOneCm":13405,"stat.talkedToVillager":1,"stat.useItem.minecraft.potion":1,"stat.useItem.minecraft.bedrock":179,"stat.jump":460,"stat.swimOneCm":1255,"stat.fallOneCm":22782,"stat.climbOneCm":364,"stat.crouchOneCm":8934,"stat.useItem.minecraft.stained_hardened_clay":106,"stat.useItem.minecraft.obsidian":3,"stat.useItem.minecraft.dirt":1,"stat.sprintOneCm":62454,"achievement.exploreAllBiomes":{"value":0,"progress":["Mesa","River","Plains","Desert"]},"stat.craftingTableInteraction":1,"achievement.openInventory":68,"stat.damageTaken":3471,"stat.mobKills":5,"stat.entityKilledBy.Creeper":1,"stat.flyOneCm":418826,"stat.cauldronUsed":3,"stat.deaths":8,"stat.drop":37,"stat.playOneMinute":57924,"stat.entityKilledBy.Zombie":4,"stat.mineBlock.minecraft.glass":2,"stat.damageDealt":540,"stat.timeSinceDeath":1274,"stat.mineBlock.minecraft.dirt":2,"stat.killEntity.Pig":2,"stat.mineBlock.minecraft.tallgrass":62,"stat.useItem.minecraft.sandstone":3}