{"stat.chestOpened":5,"stat.useItem.minecraft.command_block":1,"stat.walkOneCm":93204,"stat.useItem.minecraft.quartz_block":8,"achievement.openInventory":40,"stat.useItem.minecraft.log":1,"stat.damageTaken":10,"stat.useItem.minecraft.cooked_porkchop":2,"stat.mobKills":2,"stat.useItem.minecraft.porkchop":2,"stat.flyOneCm":366431,"stat.drop":11,"stat.useItem.minecraft.bedrock":179,"stat.jump":229,"stat.swimOneCm":1255,"stat.playOneMinute":46313,"stat.fallOneCm":902,"stat.damageDealt":265,"stat.crouchOneCm":7929,"stat.timeSinceDeath":46313,"stat.useItem.minecraft.stained_hardened_clay":102,"stat.useItem.minecraft.obsidian":3,"stat.useItem.minecraft.dirt":1,"stat.mineBlock.minecraft.dirt":2,"stat.sprintOneCm":29055,"stat.killEntity.Pig":2,"achievement.exploreAllBiomes":{"value":0,"progress":["Mesa","River","Plains","Desert"]},"stat.mineBlock.minecraft.tallgrass":62,"stat.craftingTableInteraction":1}