{"stat.flyOneCm":218002,"stat.walkOneCm":10735,"stat.useItem.minecraft.bedrock":503,"stat.jump":31,"stat.useItem.minecraft.quartz_block":41,"stat.playOneMinute":30655,"stat.useItem.minecraft.bed":1,"achievement.openInventory":21,"stat.fallOneCm":211,"stat.leaveGame":3,"stat.useItem.minecraft.ladder":13,"stat.useItem.minecraft.log":18,"stat.damageTaken":25,"stat.useItem.minecraft.wool":145,"stat.crouchOneCm":757,"stat.timeSinceDeath":30655,"stat.useItem.minecraft.stained_hardened_clay":272,"stat.useItem.minecraft.acacia_stairs":28,"stat.sprintOneCm":1591,"achievement.exploreAllBiomes":{"value":0,"progress":["River","Plains","Desert"]},"stat.useItem.minecraft.carpet":90}