{"stat.chestOpened":9,"stat.walkOneCm":119863,"stat.useItem.minecraft.bread":1,"stat.useItem.minecraft.quartz_block":72,"stat.useItem.minecraft.chest":2,"stat.playerKills":2,"stat.leaveGame":3,"stat.useItem.minecraft.log":75,"stat.killEntity.Wolf":2,"stat.useItem.minecraft.acacia_stairs":55,"stat.entityKilledBy.Guardian":1,"stat.talkedToVillager":1,"stat.useItem.minecraft.carpet":90,"stat.useItem.minecraft.potion":1,"stat.useItem.minecraft.bedrock":504,"stat.jump":208,"stat.swimOneCm":101,"stat.fallOneCm":11701,"stat.climbOneCm":884,"stat.crouchOneCm":2168,"stat.useItem.minecraft.stained_hardened_clay":398,"stat.mineBlock.minecraft.stained_hardened_clay":2,"stat.sprintOneCm":25898,"achievement.exploreAllBiomes":{"value":0,"progress":["River","Plains","Desert"]},"stat.useItem.minecraft.dark_oak_door":2,"stat.useItem.minecraft.bed":2,"achievement.openInventory":71,"stat.useItem.minecraft.iron_sword":9,"stat.damageTaken":1850,"stat.mobKills":16,"stat.entityKilledBy.Creeper":1,"stat.flyOneCm":290719,"stat.useItem.minecraft.ender_pearl":1,"stat.deaths":4,"stat.drop":53,"stat.playOneMinute":54785,"stat.killEntity.Witch":3,"stat.useItem.minecraft.wooden_sword":1,"stat.entityKilledBy.Zombie":1,"stat.useItem.minecraft.ladder":13,"stat.damageDealt":800,"stat.killEntity.Rabbit":1,"stat.useItem.minecraft.wool":145,"stat.killEntity.Zombie":10,"stat.timeSinceDeath":173,"stat.useItem.minecraft.crafting_table":2,"stat.useItem.minecraft.iron_pickaxe":4,"stat.diveOneCm":1107}