{"stat.chestOpened":38,"stat.walkOneCm":272928,"stat.useItem.minecraft.bread":3,"stat.useItem.minecraft.quartz_block":72,"stat.useItem.minecraft.chest":2,"stat.playerKills":12,"stat.leaveGame":3,"stat.useItem.minecraft.log":75,"stat.useItem.minecraft.diamond_axe":1,"stat.furnaceInteraction":1,"stat.killEntity.Wolf":2,"stat.killEntity.Ozelot":1,"stat.useItem.minecraft.acacia_stairs":55,"stat.killEntity.Blaze":1,"stat.entityKilledBy.Guardian":1,"stat.talkedToVillager":6,"stat.useItem.minecraft.carpet":90,"stat.useItem.minecraft.diamond_sword":76,"stat.useItem.minecraft.potion":1,"stat.craftItem.minecraft.diamond_helmet":1,"stat.mineBlock.minecraft.gold_block":1,"stat.useItem.minecraft.bedrock":504,"stat.craftItem.minecraft.diamond_boots":1,"stat.jump":672,"stat.swimOneCm":101,"stat.breakItem.minecraft.leather_helmet":1,"stat.fallOneCm":86343,"stat.climbOneCm":3864,"stat.crouchOneCm":3306,"stat.mineBlock.minecraft.chest":1,"stat.useItem.minecraft.stained_hardened_clay":429,"stat.craftItem.minecraft.iron_ingot":18,"stat.mineBlock.minecraft.stained_hardened_clay":13,"stat.sprintOneCm":107798,"achievement.exploreAllBiomes":{"value":0,"progress":["River","Plains","Desert"]},"stat.mineBlock.minecraft.iron_block":2,"stat.craftingTableInteraction":3,"stat.killEntity.Skeleton":2,"stat.useItem.minecraft.dark_oak_door":2,"stat.useItem.minecraft.bed":2,"achievement.openInventory":117,"stat.useItem.minecraft.iron_sword":51,"stat.entityKilledBy.Wolf":2,"stat.killEntity.Chicken":1,"stat.damageTaken":9673,"stat.mineBlock.minecraft.quartz_block":3,"stat.useItem.minecraft.diamond_pickaxe":49,"stat.mineBlock.minecraft.torch":1,"stat.tradedWithVillager":4,"stat.useItem.minecraft.ender_eye":1,"stat.mobKills":32,"stat.entityKilledBy.Creeper":1,"stat.flyOneCm":385158,"stat.useItem.minecraft.ender_pearl":1,"stat.deaths":18,"stat.drop":61,"stat.playOneMinute":78809,"stat.killEntity.Witch":9,"stat.useItem.minecraft.wooden_sword":16,"stat.entityKilledBy.Zombie":4,"stat.useItem.minecraft.ladder":13,"stat.mineBlock.minecraft.glass":2,"stat.damageDealt":10413,"stat.killEntity.Rabbit":1,"stat.useItem.minecraft.wool":145,"stat.killEntity.Zombie":14,"stat.timeSinceDeath":6716,"stat.useItem.minecraft.crafting_table":2,"stat.useItem.minecraft.iron_pickaxe":9,"stat.diveOneCm":1107}