{"stat.chestOpened":4,"stat.useItem.minecraft.dark_oak_door":2,"stat.walkOneCm":59823,"stat.useItem.minecraft.quartz_block":72,"stat.useItem.minecraft.chest":2,"stat.useItem.minecraft.bed":2,"achievement.openInventory":44,"stat.leaveGame":3,"stat.useItem.minecraft.log":75,"stat.damageTaken":35,"stat.useItem.minecraft.acacia_stairs":55,"stat.useItem.minecraft.carpet":90,"stat.flyOneCm":267921,"stat.useItem.minecraft.bedrock":504,"stat.drop":3,"stat.jump":70,"stat.playOneMinute":42355,"stat.fallOneCm":422,"stat.useItem.minecraft.ladder":13,"stat.damageDealt":10,"stat.useItem.minecraft.wool":145,"stat.crouchOneCm":1520,"stat.timeSinceDeath":42355,"stat.useItem.minecraft.stained_hardened_clay":397,"stat.sprintOneCm":4655,"stat.useItem.minecraft.crafting_table":2,"achievement.exploreAllBiomes":{"value":0,"progress":["River","Plains","Desert"]}}