{"stat.chestOpened":17,"stat.walkOneCm":180544,"stat.useItem.minecraft.bread":3,"stat.useItem.minecraft.quartz_block":72,"stat.useItem.minecraft.chest":2,"stat.playerKills":7,"stat.leaveGame":3,"stat.useItem.minecraft.log":75,"stat.killEntity.Wolf":2,"stat.useItem.minecraft.acacia_stairs":55,"stat.entityKilledBy.Guardian":1,"stat.talkedToVillager":1,"stat.useItem.minecraft.carpet":90,"stat.useItem.minecraft.diamond_sword":14,"stat.useItem.minecraft.potion":1,"stat.useItem.minecraft.bedrock":504,"stat.jump":499,"stat.swimOneCm":101,"stat.fallOneCm":48327,"stat.climbOneCm":2514,"stat.crouchOneCm":2767,"stat.useItem.minecraft.stained_hardened_clay":425,"stat.mineBlock.minecraft.stained_hardened_clay":7,"stat.sprintOneCm":57125,"achievement.exploreAllBiomes":{"value":0,"progress":["River","Plains","Desert"]},"stat.craftingTableInteraction":1,"stat.killEntity.Skeleton":1,"stat.useItem.minecraft.dark_oak_door":2,"stat.useItem.minecraft.bed":2,"achievement.openInventory":101,"stat.useItem.minecraft.iron_sword":51,"stat.killEntity.Chicken":1,"stat.damageTaken":5846,"stat.mineBlock.minecraft.quartz_block":3,"stat.useItem.minecraft.diamond_pickaxe":3,"stat.mineBlock.minecraft.torch":1,"stat.useItem.minecraft.ender_eye":1,"stat.mobKills":27,"stat.entityKilledBy.Creeper":1,"stat.flyOneCm":351355,"stat.useItem.minecraft.ender_pearl":1,"stat.deaths":12,"stat.drop":61,"stat.playOneMinute":66333,"stat.killEntity.Witch":9,"stat.useItem.minecraft.wooden_sword":16,"stat.entityKilledBy.Zombie":4,"stat.useItem.minecraft.ladder":13,"stat.mineBlock.minecraft.glass":2,"stat.damageDealt":6043,"stat.killEntity.Rabbit":1,"stat.useItem.minecraft.wool":145,"stat.killEntity.Zombie":12,"stat.timeSinceDeath":109,"stat.useItem.minecraft.crafting_table":2,"stat.useItem.minecraft.iron_pickaxe":9,"stat.diveOneCm":1107}