{"stats":{"minecraft:dropped":{"minecraft:stick":2},"minecraft:mined":{"minecraft:dead_bush":1,"minecraft:sand":1},"minecraft:custom":{"minecraft:jump":11,"minecraft:time_since_rest":1202,"minecraft:crouch_one_cm":83,"minecraft:leave_game":1,"minecraft:sprint_one_cm":2128,"minecraft:play_time":1202,"minecraft:time_since_death":1202,"minecraft:walk_one_cm":427,"minecraft:sneak_time":62,"minecraft:total_world_time":1202,"minecraft:drop":2,"minecraft:fly_one_cm":1685},"minecraft:used":{"minecraft:sand":1},"minecraft:picked_up":{"minecraft:sand":1,"minecraft:stick":2}},"DataVersion":3465}