{"stats":{"minecraft:custom":{"minecraft:interact_with_furnace":10,"minecraft:mob_kills":6,"minecraft:animals_bred":3,"minecraft:interact_with_cartography_table":2,"vampirism:interact_with_research_table":1,"minecraft:interact_with_crafting_table":22,"minecraft:open_barrel":20,"minecraft:time_since_death":64092,"minecraft:sleep_in_bed":7,"minecraft:climb_one_cm":7079,"minecraft:time_since_rest":2329,"minecraft:waystone_activated":1,"minecraft:sprint_one_cm":192991,"minecraft:damage_taken":854,"minecraft:walk_one_cm":109289,"vampirism:interact_with_totem":7,"minecraft:drop":35,"minecraft:damage_dealt":961,"minecraft:swim_one_cm":14522,"minecraft:fly_one_cm":172521,"minecraft:open_chest":35,"minecraft:crouch_one_cm":1518,"minecraft:play_time":87604,"minecraft:deaths":2,"minecraft:sneak_time":785,"minecraft:walk_under_water_one_cm":906,"minecraft:jump":710,"minecraft:walk_on_water_one_cm":8113,"minecraft:total_world_time":87604,"minecraft:fall_one_cm":16233},"minecraft:killed":{"minecraft:horse":1,"minecraft:cow":5},"minecraft:picked_up":{"minecraft:birch_log":3,"minecraft:crafting_table":7,"minecraft:wheat":3,"vampirism:dark_spruce_log":1,"minecraft:leather":4,"minecraft:cobblestone_wall":1,"minecraft:blue_bed":3,"minecraft:oak_log":12,"evilcraft:flesh_humanoid":2,"minecraft:brewing_stand":1,"minecraft:yellow_bed":4,"relics:midnight_robe":1,"minecraft:cornflower":2,"minecraft:string":17,"minecraft:lantern":3,"minecraft:raw_copper":28,"minecraft:wheat_seeds":3,"minecraft:cartography_table":1,"minecraft:beef":9,"dynamictrees:oak_seed":8,"minecraft:poppy":3,"minecraft:spruce_slab":2,"minecraft:furnace":1,"minecraft:raw_iron":5,"minecraft:stick":24,"vampirism:ring":1,"minecraft:dandelion":1,"vampirism:crucifix_normal":1,"sophisticatedbackpacks:backpack":1,"minecraft:white_bed":1,"minecraft:spruce_log":3,"minecraft:dark_oak_log":6,"minecraft:light_gray_banner":1,"vampirism:hunter_table":1,"minecraft:hay_block":15,"minecraft:blue_dye":2,"minecraft:blue_banner":2,"vampirism:vampire_orchid":1,"minecraft:coal":5,"minecraft:white_wool":12,"minecraft:cobblestone":20},"minecraft:used":{"minecraft:stone_sword":12,"minecraft:stone_pickaxe":39,"minecraft:blue_bed":2,"minecraft:oak_planks":11,"minecraft:wooden_pickaxe":7,"dynamictrees:oak_seed":1,"vampirism:hunter_axe_enhanced":2,"minecraft:crafting_table":9,"minecraft:carrot":2,"minecraft:white_bed":1,"minecraft:wooden_axe":35,"minecraft:bread":9,"minecraft:stone_axe":9,"minecraft:wooden_sword":30,"vampirism:dark_spruce_planks":2,"minecraft:furnace":1,"tombstone:gift":1,"minecraft:yellow_bed":4},"minecraft:crafted":{"minecraft:red_dye":3,"minecraft:wooden_sword":1,"minecraft:oak_planks":20,"sophisticatedbackpacks:backpack":3,"minecraft:crafting_table":2,"minecraft:spruce_planks":12,"minecraft:wooden_pickaxe":1,"minecraft:furnace":1,"minecraft:copper_ingot":22,"minecraft:birch_planks":12,"minecraft:stone_axe":1,"minecraft:bread":42,"minecraft:air":0,"minecraft:blue_dye":2,"minecraft:golden_apple":2,"sophisticatedbackpacks:copper_backpack":1,"vampirism:dark_spruce_planks":4,"minecraft:yellow_dye":1,"minecraft:stick":8,"minecraft:iron_ingot":2,"minecraft:stone_pickaxe":1,"minecraft:wooden_axe":1,"minecraft:gold_ingot":45,"minecraft:stone_sword":1,"minecraft:chest":1,"minecraft:dark_oak_planks":24,"sophisticatedbackpacks:iron_backpack":1,"minecraft:wheat":135},"minecraft:killed_by":{"alexsmobs:crocodile":1,"alexsmobs:bison":1},"minecraft:dropped":{"minecraft:porkchop":1,"minecraft:wheat_seeds":3,"minecraft:cobblestone_wall":1,"minecraft:wheat":8,"vampirism:vampire_orchid":1,"minecraft:cobblestone":1,"minecraft:lantern":3,"relics:midnight_robe":1,"sophisticatedbackpacks:backpack":1,"minecraft:carrot":1,"evilcraft:flesh_humanoid":3,"minecraft:stick":1,"minecraft:potato":2,"minecraft:blue_dye":2,"minecraft:yellow_dye":1,"minecraft:wooden_axe":1,"minecraft:wooden_sword":1,"minecraft:spruce_slab":2,"minecraft:red_dye":2,"minecraft:beef":2,"minecraft:wooden_pickaxe":1,"vampirism:ring":1,"minecraft:white_wool":1},"minecraft:mined":{"minecraft:blue_wall_banner":2,"minecraft:white_bed":1,"minecraft:dark_oak_log":6,"minecraft:dandelion":1,"minecraft:brewing_stand":1,"minecraft:crafting_table":7,"minecraft:cornflower":2,"minecraft:light_gray_wall_banner":1,"minecraft:poppy":3,"vampirism:dark_spruce_log":1,"vampirism:vampire_orchid":1,"minecraft:copper_ore":8,"minecraft:cobblestone":9,"minecraft:cartography_table":1,"vampirism:hunter_table":1,"minecraft:blue_bed":3,"minecraft:hay_block":15,"dynamictrees:oak_leaves":2,"minecraft:furnace":1,"minecraft:cobblestone_wall":1,"minecraft:iron_ore":5,"minecraft:birch_log":3,"vampirism:dark_spruce_leaves":1,"minecraft:sweet_berry_bush":1,"minecraft:spruce_log":3,"minecraft:yellow_bed":4,"minecraft:grass":15,"minecraft:coal_ore":5,"minecraft:oak_log":6,"minecraft:vine":3,"minecraft:lantern":1,"minecraft:cobweb":17,"minecraft:stone":11,"minecraft:white_wool":12,"minecraft:spruce_slab":2}},"DataVersion":3465}