{"stats":{"minecraft:custom":{"minecraft:time_since_rest":2708,"minecraft:waystone_activated":1,"minecraft:sprint_one_cm":85067,"minecraft:damage_taken":574,"minecraft:walk_one_cm":47877,"minecraft:drop":6,"vampirism:interact_with_totem":7,"minecraft:animals_bred":3,"minecraft:damage_dealt":171,"minecraft:swim_one_cm":10643,"minecraft:interact_with_crafting_table":2,"minecraft:fly_one_cm":68847,"minecraft:open_barrel":8,"minecraft:open_chest":6,"minecraft:crouch_one_cm":334,"minecraft:play_time":27604,"minecraft:deaths":2,"minecraft:sneak_time":150,"minecraft:walk_under_water_one_cm":269,"minecraft:jump":265,"minecraft:walk_on_water_one_cm":4031,"minecraft:time_since_death":4092,"minecraft:sleep_in_bed":2,"minecraft:climb_one_cm":840,"minecraft:total_world_time":27604,"minecraft:fall_one_cm":3243},"minecraft:picked_up":{"minecraft:birch_log":3,"minecraft:stick":2,"minecraft:crafting_table":1,"vampirism:dark_spruce_log":1,"minecraft:yellow_bed":2,"minecraft:white_bed":1,"minecraft:light_gray_banner":1,"minecraft:dark_oak_log":6,"minecraft:string":12,"minecraft:wheat_seeds":3,"minecraft:hay_block":15,"minecraft:spruce_slab":2,"dynamictrees:oak_seed":1,"vampirism:vampire_orchid":1},"minecraft:used":{"minecraft:wooden_axe":21,"minecraft:bread":2,"minecraft:wooden_sword":15,"minecraft:crafting_table":2,"tombstone:gift":1,"minecraft:white_bed":1,"minecraft:yellow_bed":1},"minecraft:crafted":{"minecraft:wooden_sword":1,"vampirism:dark_spruce_planks":4,"minecraft:crafting_table":2,"minecraft:stick":4,"minecraft:wooden_pickaxe":1,"minecraft:wooden_axe":1,"minecraft:dark_oak_planks":24,"minecraft:birch_planks":12,"minecraft:wheat":135},"minecraft:killed_by":{"alexsmobs:crocodile":1,"alexsmobs:bison":1},"minecraft:dropped":{"minecraft:wheat_seeds":3,"vampirism:vampire_orchid":1,"minecraft:spruce_slab":2},"minecraft:mined":{"minecraft:hay_block":15,"dynamictrees:oak_leaves":2,"minecraft:white_bed":1,"minecraft:birch_log":3,"vampirism:dark_spruce_leaves":1,"minecraft:sweet_berry_bush":1,"minecraft:dark_oak_log":6,"minecraft:yellow_bed":2,"minecraft:crafting_table":1,"minecraft:grass":9,"minecraft:light_gray_wall_banner":1,"minecraft:oak_log":1,"vampirism:dark_spruce_log":1,"vampirism:vampire_orchid":1,"minecraft:cobweb":12,"minecraft:spruce_slab":2}},"DataVersion":3465}