{"stats":{"minecraft:mined":{"minecraft:white_bed":3,"minecraft:cobblestone_stairs":2,"minecraft:jungle_leaves":1,"minecraft:spruce_trapdoor":6,"minecraft:granite":6,"minecraft:budding_amethyst":4,"minecraft:acacia_log":45,"minecraft:grass_block":6,"minecraft:jungle_log":7,"minecraft:coal_block":2,"luminousworld:savanna_grass_2":4,"minecraft:tall_seagrass":2,"minecraft:magma_block":3,"minecraft:iron_ore":21,"minecraft:fire":36,"minecraft:azure_bluet":1,"minecraft:pointed_dripstone":2,"supplementaries:stick":1,"minecraft:orange_bed":4,"minecraft:deepslate_redstone_ore":7,"luminousworld:tall_deadbush":4,"minecraft:amethyst_cluster":1,"minecraft:torch":2,"minecraft:blast_furnace":4,"minecraft:calcite":1,"minecraft:poppy":1,"minecraft:melon":2,"minecraft:spruce_wall_sign":1,"placeablesmod:bread_full_block":1,"minecraft:wall_torch":6,"minecraft:amethyst_block":16,"minecraft:deepslate_copper_ore":6,"minecraft:acacia_sapling":1,"minecraft:yellow_wool":4,"minecraft:wheat":33,"minecraft:lilac":1,"minecraft:grass":44,"minecraft:oak_log":1,"minecraft:dirt":1,"minecraft:smooth_basalt":2,"luminousworld:savannah_grass_4":2,"minecraft:oak_leaves":3,"minecraft:deepslate":52,"minecraft:yellow_terracotta":1,"iceandfire:silver_ore":8,"minecraft:deepslate_diamond_ore":5,"quark:acacia_chest":4,"minecraft:cartography_table":1,"minecraft:hay_block":7,"minecraft:light_blue_wall_banner":1,"minecraft:redstone_ore":3,"minecraft:furnace":1,"placeablesmod:water_bucket_block":1,"minecraft:andesite":17,"minecraft:vine":1,"minecraft:deepslate_iron_ore":10,"minecraft:lantern":1,"minecraft:stone":951,"minecraft:smithing_table":2,"minecraft:acacia_leaves":72,"minecraft:scaffolding":4,"minecraft:glass_pane":4,"minecraft:brown_carpet":1,"minecraft:dandelion":1,"minecraft:crafting_table":8,"minecraft:cornflower":1,"luminousworld:savannah_grass_1":3,"minecraft:tall_grass":3,"minecraft:copper_ore":29,"minecraft:lapis_ore":7,"minecraft:deepslate_gold_ore":3,"minecraft:diorite":40,"supplementaries:urn":7,"minecraft:spruce_stairs":7,"minecraft:yellow_bed":2,"minecraft:coal_ore":81,"luminousworld:ishstone":3,"minecraft:gravel":15,"minecraft:dripstone_block":4,"minecraft:cobweb":4,"minecraft:acacia_planks":5,"luminousworld:elephant_grass":5},"minecraft:used":{"alexsmobs:emu_egg":1,"minecraft:iron_shovel":13,"minecraft:jungle_planks":12,"minecraft:lantern":2,"minecraft:item_frame":1,"minecraft:magma_block":2,"minecraft:brown_carpet":4,"minecraft:furnace":3,"minecraft:egg":1,"minecraft:stone_pickaxe":127,"minecraft:leather_chestplate":1,"minecraft:wooden_pickaxe":19,"minecraft:yellow_terracotta":1,"minecraft:bread":56,"minecraft:gravel":2,"minecraft:smithing_table":1,"minecraft:andesite":9,"minecraft:experience_bottle":1,"minecraft:stone_sword":191,"vanillaplustools:stone_hammer":125,"minecraft:cooked_chicken":2,"minecraft:orange_bed":3,"minecraft:stick":1,"minecraft:torch":79,"minecraft:dirt":1,"minecraft:spruce_stairs":1,"minecraft:granite":2,"minecraft:wooden_axe":16,"minecraft:iron_axe":232,"tombstone:gift":6,"minecraft:cooked_beef":5,"minecraft:acacia_planks":5,"minecraft:cobbled_deepslate":1,"minecraft:wheat_seeds":1,"minecraft:cooked_mutton":5,"minecraft:water_bucket":7,"minecraft:cartography_table":1,"luminousworld:ishstone":2,"minecraft:crafting_table":10,"quark:acacia_chest":4,"minecraft:white_bed":3,"minecraft:apple":2,"minecraft:iron_pickaxe":140,"minecraft:spruce_trapdoor":1,"minecraft:stone_axe":98,"minecraft:cobblestone":103,"minecraft:bucket":8,"minecraft:yellow_bed":1,"alexsmobs:animal_dictionary":2},"minecraft:broken":{"mowziesmobs:umvuthana_mask_fear":1,"minecraft:stone_sword":2,"minecraft:iron_axe":1,"aether:leather_gloves":1},"minecraft:dropped":{"minecraft:cooked_beef":3,"minecraft:lantern":1,"minecraft:leather":4,"minecraft:red_carpet":1,"minecraft:dirt":11,"minecraft:cornflower":1,"minecraft:mutton":4,"minecraft:iron_pickaxe":1,"minecraft:white_wool":1,"minecraft:gravel":4,"minecraft:stone_axe":1,"alexsmobs:gazelle_horn":1,"minecraft:cobbled_deepslate":3,"minecraft:wheat":33,"minecraft:rotten_flesh":7,"luminousworld:tall_deadbush":7,"minecraft:oak_planks":4,"minecraft:azure_bluet":1,"minecraft:leather_chestplate":2,"supplementaries:flax_seeds":4,"supplementaries:ash":42,"minecraft:gunpowder":2,"artifacts:umbrella":1,"born_in_chaos_v1:corpse_maggot":17,"vanillaplustools:stone_hammer":1,"minecraft:arrow":1,"minecraft:egg":1,"minecraft:wheat_seeds":202,"minecraft:dripstone_block":1,"minecraft:feather":3,"minecraft:granite":3,"minecraft:acacia_log":2,"minecraft:coal":19,"minecraft:torch":67,"minecraft:wooden_axe":1,"luminousworld:savannah_ground":2,"minecraft:acacia_planks":21,"minecraft:dandelion":1,"minecraft:smooth_basalt":2,"minecraft:stone_sword":1,"minecraft:stone":5,"minecraft:andesite":5,"minecraft:oak_sapling":1,"minecraft:spider_eye":4,"luminousworld:elephant_grass":4,"minecraft:stone_pickaxe":1,"minecraft:wooden_pickaxe":2},"minecraft:crafted":{"minecraft:oak_planks":4,"minecraft:cooked_chicken":2,"minecraft:cooked_mutton":5,"sophisticatedbackpacks:copper_backpack":2,"sophisticatedbackpacks:backpack":2,"minecraft:crafting_table":2,"minecraft:wooden_pickaxe":1,"minecraft:copper_ingot":38,"minecraft:string":16,"minecraft:yellow_dye":1,"minecraft:stick":72,"minecraft:iron_ingot":7,"minecraft:stone_sword":2,"vanillaplustools:stone_hammer":2,"minecraft:furnace":3,"quark:acacia_chest":2,"minecraft:iron_axe":1,"minecraft:stone_pickaxe":20,"minecraft:wheat":63,"sophisticatedbackpacks:iron_backpack":4,"paraglider:paraglider":1,"minecraft:red_dye":1,"minecraft:stone_axe":1,"minecraft:bread":40,"minecraft:air":0,"minecraft:jungle_planks":24,"minecraft:blue_dye":1,"minecraft:wooden_axe":1,"minecraft:white_bed":1,"minecraft:acacia_planks":68,"minecraft:torch":76},"minecraft:custom":{"minecraft:interact_with_crafting_table":58,"minecraft:open_barrel":8,"minecraft:bell_ring":1,"minecraft:eat_cake_slice":3,"minecraft:leave_game":9,"minecraft:time_since_death":2371,"minecraft:sprint_one_cm":730417,"minecraft:drop":167,"minecraft:talked_to_villager":1,"minecraft:play_time":334944,"minecraft:deaths":12,"minecraft:jump":4248,"minecraft:walk_on_water_one_cm":59769,"minecraft:interact_with_furnace":31,"minecraft:interact_with_cartography_table":1,"minecraft:sleep_in_bed":20,"minecraft:damage_dealt":14896,"minecraft:crouch_one_cm":9587,"tombstone:undead_killed":16,"minecraft:inspect_dispenser":1,"minecraft:mob_kills":72,"minecraft:damage_dealt_resisted":39,"minecraft:walk_one_cm":517413,"minecraft:sneak_time":5910,"minecraft:walk_under_water_one_cm":18883,"minecraft:interact_with_blast_furnace":3,"minecraft:total_world_time":334944,"minecraft:time_since_rest":704,"minecraft:damage_taken":6126,"minecraft:swim_one_cm":65836,"minecraft:fly_one_cm":776437,"minecraft:open_chest":67,"minecraft:fall_one_cm":92624},"minecraft:killed_by":{"born_in_chaos_v1:nightmare_stalker":2,"born_in_chaos_v1:spirit_guide":1,"born_in_chaos_v1:corpse_fly":1,"enemyexpansion:sprinter":1,"undead_revamp2:bomber":1,"minecraft:zombie":1,"minecraft:husk":1,"born_in_chaos_v1:siamese_skeletonsleft":1},"minecraft:killed":{"naturalist:rattlesnake":1,"born_in_chaos_v1:zombie_lumberjack":1,"minecraft:spider":4,"undead_revamp2:theswarmer":1,"minecraft:skeleton":1,"minecraft:chicken":2,"creeperoverhaul:cave_creeper":1,"artifacts:mimic":1,"naturalist:rhino":2,"minecraft:sheep":4,"luminousworld:savannah_skeleton":2,"minecraft:zombie":1,"born_in_chaos_v1:dread_hound":1,"born_in_chaos_v1:corpse_fly":5,"minecraft:cow":9,"naturalist:lion":1,"undead_revamp2:thegliter":3,"enemyexpansion:direwolf":2,"born_in_chaos_v1:zombie_bruiser":1,"born_in_chaos_v1:maggot":1,"minecraft:horse":10,"born_in_chaos_v1:corpse_fish":2,"luminousworld:savannah_zombie":4,"born_in_chaos_v1:baby_skeleton":1,"enemyexpansion:sprinter":1,"mowziesmobs:umvuthana_follower_raptor":4,"undead_revamp2:thesomnolence":1,"endermanoverhaul:cave_enderman":2,"alexsmobs:gazelle":1,"born_in_chaos_v1:nightmare_stalker":1},"minecraft:picked_up":{"minecraft:wheat":93,"minecraft:yellow_wool":4,"minecraft:lead":2,"minecraft:smithing_table":2,"artifacts:umbrella":1,"minecraft:amethyst_block":15,"minecraft:string":9,"alexsmobs:gazelle_horn":1,"minecraft:raw_copper":100,"minecraft:experience_bottle":2,"minecraft:cobbled_deepslate":48,"minecraft:bucket":1,"minecraft:calcite":2,"minecraft:iron_pickaxe":1,"minecraft:melon_slice":7,"minecraft:coal_block":2,"minecraft:furnace":1,"minecraft:stick":1,"minecraft:torch":70,"minecraft:acacia_log":45,"minecraft:spruce_stairs":11,"tombstone:grave_dust":5,"minecraft:pointed_dripstone":5,"minecraft:diorite":30,"born_in_chaos_v1:nightmare_claw":1,"minecraft:brown_carpet":4,"minecraft:orange_bed":4,"minecraft:stone_sword":1,"minecraft:rotten_flesh":18,"alexsmobs:emu_egg":1,"luminousworld:tall_deadbush":7,"supplementaries:ash":53,"minecraft:cobblestone":868,"minecraft:leather_chestplate":1,"minecraft:magma_block":3,"luminousworld:savannah_ground":2,"minecraft:feather":3,"minecraft:cooked_beef":8,"minecraft:jungle_log":6,"minecraft:water_bucket":2,"minecraft:andesite":17,"supplementaries:flax_seeds":4,"minecraft:lapis_lazuli":49,"minecraft:dirt":12,"minecraft:lantern":3,"minecraft:bone":2,"minecraft:acacia_planks":24,"minecraft:wheat_seeds":269,"minecraft:raw_gold":3,"luminousworld:elephant_grass":4,"minecraft:dark_oak_log":1,"minecraft:diamond":5,"minecraft:granite":6,"minecraft:bone_meal":1,"minecraft:spruce_sign":16,"minecraft:bread":83,"minecraft:emerald":2,"minecraft:oak_sapling":1,"born_in_chaos_v1:rotten_fish":1,"iceandfire:raw_silver":8,"minecraft:crafting_table":8,"minecraft:azure_bluet":1,"minecraft:chicken":2,"minecraft:wooden_pickaxe":1,"minecraft:cornflower":2,"minecraft:iron_axe":1,"minecraft:compass":2,"minecraft:item_frame":4,"minecraft:iron_shovel":1,"minecraft:cartography_table":1,"minecraft:beef":18,"born_in_chaos_v1:gnawed_bones":1,"minecraft:iron_nugget":20,"minecraft:poppy":1,"minecraft:spruce_trapdoor":12,"minecraft:egg":2,"minecraft:raw_iron":42,"minecraft:stone":5,"born_in_chaos_v1:pieceofdarkmetal":2,"minecraft:redstone":46,"minecraft:arrow":3,"quark:acacia_chest":4,"minecraft:hay_block":7,"minecraft:yellow_terracotta":1,"artifacts:pocket_piston":1,"minecraft:glow_berries":1,"minecraft:mutton":9,"minecraft:white_wool":5,"born_in_chaos_v1:corpse_maggot":18,"born_in_chaos_v1:monster_flesh":1,"luminousworld:ishstone":2,"minecraft:leather":22,"minecraft:oak_log":1,"minecraft:yellow_bed":1,"minecraft:gunpowder":3,"minecraft:cobblestone_stairs":2,"minecraft:paper":5,"minecraft:red_carpet":1,"minecraft:light_blue_banner":1,"minecraft:apple":2,"minecraft:iron_ingot":5,"minecraft:acacia_sapling":2,"minecraft:scaffolding":4,"minecraft:smooth_basalt":2,"born_in_chaos_v1:ethereal_spirit":1,"minecraft:dandelion":2,"minecraft:dripstone_block":4,"minecraft:gravel":18,"minecraft:amethyst_shard":4,"minecraft:blast_furnace":4,"minecraft:white_bed":3,"minecraft:spider_eye":4,"mowziesmobs:umvuthana_mask_fear":2,"tombstone:magic_scroll":1,"minecraft:coal":93,"minecraft:ender_pearl":1}},"DataVersion":3465}