{"stats":{"minecraft:custom":{"minecraft:mob_kills":5,"minecraft:animals_bred":3,"minecraft:interact_with_crafting_table":8,"minecraft:open_barrel":8,"minecraft:time_since_death":16092,"minecraft:sleep_in_bed":3,"minecraft:climb_one_cm":1901,"minecraft:time_since_rest":10600,"minecraft:waystone_activated":1,"minecraft:sprint_one_cm":130042,"minecraft:damage_taken":634,"minecraft:walk_one_cm":74119,"vampirism:interact_with_totem":7,"minecraft:drop":13,"minecraft:damage_dealt":671,"minecraft:swim_one_cm":11180,"minecraft:fly_one_cm":125051,"minecraft:open_chest":6,"minecraft:crouch_one_cm":492,"minecraft:play_time":39604,"minecraft:deaths":2,"minecraft:sneak_time":249,"minecraft:walk_under_water_one_cm":269,"minecraft:jump":476,"minecraft:walk_on_water_one_cm":4687,"minecraft:total_world_time":39604,"minecraft:fall_one_cm":9484},"minecraft:killed":{"minecraft:cow":5},"minecraft:picked_up":{"minecraft:birch_log":3,"minecraft:crafting_table":5,"vampirism:dark_spruce_log":1,"minecraft:leather":4,"minecraft:brewing_stand":1,"minecraft:yellow_bed":3,"minecraft:cornflower":2,"minecraft:string":12,"minecraft:wheat_seeds":3,"minecraft:beef":9,"dynamictrees:oak_seed":4,"minecraft:poppy":3,"minecraft:spruce_slab":2,"minecraft:stick":14,"minecraft:dandelion":1,"sophisticatedbackpacks:backpack":1,"minecraft:white_bed":1,"minecraft:dark_oak_log":6,"minecraft:light_gray_banner":1,"minecraft:hay_block":15,"minecraft:blue_dye":2,"vampirism:vampire_orchid":1},"minecraft:used":{"minecraft:wooden_pickaxe":1,"dynamictrees:oak_seed":1,"minecraft:crafting_table":6,"minecraft:carrot":2,"minecraft:white_bed":1,"minecraft:wooden_axe":29,"minecraft:bread":4,"minecraft:wooden_sword":30,"tombstone:gift":1,"minecraft:yellow_bed":2},"minecraft:crafted":{"minecraft:red_dye":3,"minecraft:wooden_sword":1,"sophisticatedbackpacks:backpack":3,"minecraft:crafting_table":2,"minecraft:wooden_pickaxe":1,"minecraft:birch_planks":12,"minecraft:bread":42,"minecraft:blue_dye":2,"vampirism:dark_spruce_planks":4,"minecraft:yellow_dye":1,"minecraft:stick":4,"minecraft:wooden_axe":1,"minecraft:chest":1,"minecraft:dark_oak_planks":24,"minecraft:wheat":135},"minecraft:killed_by":{"alexsmobs:crocodile":1,"alexsmobs:bison":1},"minecraft:dropped":{"minecraft:wheat_seeds":3,"minecraft:wheat":2,"vampirism:vampire_orchid":1,"sophisticatedbackpacks:backpack":1,"minecraft:stick":1,"minecraft:blue_dye":2,"minecraft:yellow_dye":1,"minecraft:spruce_slab":2,"minecraft:red_dye":2},"minecraft:mined":{"minecraft:white_bed":1,"minecraft:dark_oak_log":6,"minecraft:dandelion":1,"minecraft:brewing_stand":1,"minecraft:crafting_table":5,"minecraft:cornflower":2,"minecraft:light_gray_wall_banner":1,"minecraft:poppy":3,"vampirism:dark_spruce_log":1,"vampirism:vampire_orchid":1,"minecraft:hay_block":15,"dynamictrees:oak_leaves":2,"minecraft:birch_log":3,"vampirism:dark_spruce_leaves":1,"minecraft:sweet_berry_bush":1,"minecraft:yellow_bed":3,"minecraft:grass":12,"minecraft:oak_log":1,"minecraft:cobweb":12,"minecraft:spruce_slab":2}},"DataVersion":3465}