{"stats":{"minecraft:custom":{"minecraft:mob_kills":8,"minecraft:animals_bred":3,"minecraft:interact_with_crafting_table":26,"minecraft:open_barrel":20,"minecraft:leave_game":1,"minecraft:time_since_death":73720,"minecraft:climb_one_cm":8249,"minecraft:sprint_one_cm":234356,"minecraft:walk_one_cm":133661,"minecraft:drop":49,"vampirism:interact_with_totem":7,"minecraft:play_time":97232,"minecraft:deaths":2,"minecraft:sneak_time":833,"minecraft:walk_under_water_one_cm":906,"minecraft:jump":915,"minecraft:walk_on_water_one_cm":8113,"minecraft:total_world_time":97232,"minecraft:interact_with_furnace":13,"minecraft:interact_with_cartography_table":2,"vampirism:interact_with_research_table":1,"minecraft:sleep_in_bed":7,"minecraft:time_since_rest":11957,"minecraft:waystone_activated":1,"minecraft:damage_taken":1184,"minecraft:trigger_trapped_chest":2,"minecraft:damage_dealt":1564,"minecraft:swim_one_cm":14522,"minecraft:fly_one_cm":219817,"minecraft:open_chest":35,"minecraft:crouch_one_cm":1709,"tombstone:undead_killed":2,"minecraft:fall_one_cm":20898},"minecraft:killed":{"minecraft:horse":1,"iceandfire:ghost":2,"minecraft:cow":5},"minecraft:picked_up":{"minecraft:crafting_table":7,"minecraft:wheat":3,"vampirism:dark_spruce_log":1,"minecraft:chain":6,"minecraft:brewing_stand":1,"iceandfire:manuscript":4,"minecraft:cornflower":2,"minecraft:string":26,"minecraft:raw_copper":28,"iceandfire:graveyard_soil":4,"minecraft:cartography_table":1,"minecraft:gold_nugget":1,"minecraft:beef":9,"minecraft:poppy":3,"dynamictrees:oak_seed":13,"minecraft:spruce_slab":2,"minecraft:furnace":2,"iceandfire:ghost_chest":1,"minecraft:stick":31,"minecraft:raw_iron":5,"sophisticatedbackpacks:backpack":1,"minecraft:light_gray_banner":1,"minecraft:dark_oak_planks":6,"vampirism:hunter_table":1,"iceandfire:silver_ingot":2,"minecraft:hay_block":15,"minecraft:blue_dye":2,"minecraft:gold_ingot":2,"minecraft:iron_bars":1,"minecraft:cobblestone":145,"minecraft:white_wool":12,"minecraft:birch_log":3,"minecraft:leather":4,"minecraft:oak_log":19,"evilcraft:flesh_humanoid":2,"iceandfire:ectoplasm":4,"minecraft:yellow_bed":4,"minecraft:cobblestone_wall":1,"relics:midnight_robe":1,"minecraft:blue_bed":5,"minecraft:dirt":2,"minecraft:lantern":3,"minecraft:bone":4,"minecraft:wheat_seeds":3,"minecraft:iron_ingot":1,"minecraft:cobweb":7,"vampirism:ring":1,"minecraft:dandelion":1,"vampirism:crucifix_normal":1,"minecraft:white_bed":1,"minecraft:spruce_log":3,"minecraft:dark_oak_log":6,"minecraft:blue_banner":2,"vampirism:vampire_orchid":1,"minecraft:coal":5,"iceandfire:raw_silver":1},"minecraft:used":{"minecraft:iron_bars":1,"minecraft:stone_sword":43,"dynamictrees:oak_seed":1,"minecraft:wooden_shovel":4,"vampirism:hunter_axe_enhanced":2,"minecraft:carrot":2,"minecraft:wooden_axe":35,"vampirism:dark_spruce_planks":2,"minecraft:furnace":3,"tombstone:gift":1,"minecraft:stone_pickaxe":42,"minecraft:oak_planks":11,"minecraft:wooden_pickaxe":7,"minecraft:blue_bed":5,"minecraft:crafting_table":10,"minecraft:white_bed":1,"minecraft:bread":16,"justhammers:stone_hammer":15,"minecraft:stone_axe":15,"minecraft:wooden_sword":30,"minecraft:cobblestone":4,"minecraft:yellow_bed":4,"minecraft:cobweb":7},"minecraft:crafted":{"minecraft:wooden_sword":1,"minecraft:oak_planks":48,"minecraft:furnace":1,"minecraft:stone":3,"sophisticatedbackpacks:copper_backpack":1,"minecraft:stone_pickaxe":1,"minecraft:chest":1,"minecraft:dark_oak_planks":24,"minecraft:wheat":135,"sophisticatedbackpacks:iron_backpack":1,"minecraft:red_dye":3,"minecraft:wooden_shovel":1,"sophisticatedbackpacks:backpack":3,"minecraft:crafting_table":3,"minecraft:spruce_planks":12,"minecraft:wooden_pickaxe":1,"minecraft:copper_ingot":22,"minecraft:birch_planks":12,"minecraft:stone_axe":1,"minecraft:bread":42,"minecraft:air":0,"minecraft:blue_dye":2,"vampirism:dark_spruce_planks":4,"minecraft:yellow_dye":1,"minecraft:golden_apple":2,"justhammers:stone_hammer":1,"minecraft:stick":8,"minecraft:iron_ingot":2,"minecraft:wooden_axe":1,"minecraft:stone_sword":1,"minecraft:gold_ingot":45},"minecraft:killed_by":{"alexsmobs:bison":1,"alexsmobs:crocodile":1},"minecraft:dropped":{"minecraft:porkchop":1,"minecraft:wheat_seeds":3,"minecraft:cobblestone":1,"minecraft:lantern":3,"relics:midnight_robe":1,"iceandfire:graveyard_soil":4,"minecraft:stick":2,"minecraft:dirt":2,"minecraft:blue_dye":2,"minecraft:yellow_dye":1,"minecraft:wooden_axe":1,"minecraft:chain":6,"minecraft:wooden_sword":1,"minecraft:red_dye":2,"vampirism:ring":1,"minecraft:white_wool":1,"minecraft:bone":4,"minecraft:cobblestone_wall":1,"vampirism:vampire_orchid":1,"minecraft:wheat":8,"sophisticatedbackpacks:backpack":1,"evilcraft:flesh_humanoid":3,"minecraft:carrot":1,"minecraft:potato":2,"iceandfire:ghost_chest":1,"minecraft:spruce_slab":2,"minecraft:wooden_pickaxe":1,"minecraft:beef":2},"minecraft:mined":{"minecraft:white_bed":1,"iceandfire:graveyard_soil":3,"iceandfire:silver_ore":1,"minecraft:dark_oak_leaves":1,"minecraft:dark_oak_log":6,"minecraft:brewing_stand":1,"minecraft:grass_block":1,"vampirism:dark_spruce_log":1,"vampirism:vampire_orchid":1,"vampirism:hunter_table":1,"minecraft:cartography_table":1,"dynamictrees:oak_leaves":2,"minecraft:hay_block":15,"minecraft:furnace":2,"minecraft:iron_ore":5,"minecraft:vine":4,"minecraft:iron_bars":1,"minecraft:lantern":1,"minecraft:stone":11,"minecraft:white_wool":12,"minecraft:spruce_slab":2,"minecraft:blue_wall_banner":2,"minecraft:cornflower":2,"minecraft:dandelion":1,"minecraft:crafting_table":7,"minecraft:light_gray_wall_banner":1,"minecraft:poppy":3,"iceandfire:ghost_chest":1,"minecraft:tall_grass":1,"minecraft:copper_ore":8,"minecraft:cobblestone":9,"minecraft:blue_bed":5,"minecraft:cobblestone_wall":1,"minecraft:sweet_berry_bush":1,"minecraft:birch_log":3,"vampirism:dark_spruce_leaves":1,"minecraft:spruce_log":3,"minecraft:yellow_bed":4,"minecraft:grass":21,"minecraft:oak_log":6,"minecraft:coal_ore":5,"minecraft:dirt":3,"minecraft:cobweb":26}},"DataVersion":3465}