{"stats":{"minecraft:mined":{"minecraft:yellow_terracotta":1,"minecraft:white_bed":3,"iceandfire:silver_ore":1,"minecraft:cobblestone_stairs":2,"minecraft:jungle_leaves":1,"minecraft:spruce_trapdoor":6,"minecraft:granite":5,"minecraft:acacia_log":20,"minecraft:grass_block":6,"minecraft:jungle_log":7,"quark:acacia_chest":4,"minecraft:cartography_table":1,"luminousworld:savanna_grass_2":1,"minecraft:furnace":1,"minecraft:fire":18,"minecraft:andesite":4,"minecraft:azure_bluet":1,"minecraft:vine":1,"minecraft:lantern":1,"minecraft:stone":497,"minecraft:smithing_table":1,"minecraft:acacia_leaves":2,"minecraft:scaffolding":4,"minecraft:glass_pane":4,"luminousworld:tall_deadbush":1,"minecraft:brown_carpet":1,"minecraft:dandelion":1,"minecraft:crafting_table":7,"minecraft:cornflower":1,"minecraft:torch":1,"luminousworld:savannah_grass_1":2,"minecraft:poppy":1,"minecraft:spruce_wall_sign":1,"minecraft:tall_grass":3,"minecraft:copper_ore":12,"minecraft:wall_torch":1,"minecraft:spruce_stairs":7,"minecraft:yellow_wool":4,"minecraft:wheat":31,"minecraft:lilac":1,"minecraft:yellow_bed":2,"minecraft:grass":33,"minecraft:oak_log":1,"minecraft:coal_ore":32,"minecraft:dirt":1,"minecraft:cobweb":1,"minecraft:acacia_planks":5,"luminousworld:elephant_grass":2,"minecraft:oak_leaves":3},"minecraft:dropped":{"minecraft:wheat_seeds":177,"minecraft:cooked_beef":3,"minecraft:feather":3,"minecraft:lantern":1,"minecraft:leather":4,"minecraft:granite":3,"minecraft:acacia_log":2,"minecraft:coal":19,"minecraft:red_carpet":1,"minecraft:dirt":11,"minecraft:cornflower":1,"minecraft:wooden_axe":1,"luminousworld:savannah_ground":2,"minecraft:iron_pickaxe":1,"minecraft:acacia_planks":21,"minecraft:dandelion":1,"minecraft:stone_axe":1,"minecraft:stone_sword":1,"minecraft:wheat":30,"luminousworld:tall_deadbush":3,"minecraft:oak_planks":4,"minecraft:azure_bluet":1,"supplementaries:ash":4,"minecraft:stone":2,"artifacts:umbrella":1,"minecraft:andesite":4,"minecraft:oak_sapling":1,"vanillaplustools:stone_hammer":1,"minecraft:spider_eye":1,"luminousworld:elephant_grass":2,"minecraft:wooden_pickaxe":2,"minecraft:stone_pickaxe":1,"minecraft:egg":1},"minecraft:custom":{"minecraft:mob_kills":33,"minecraft:interact_with_crafting_table":39,"minecraft:bell_ring":1,"minecraft:damage_dealt_resisted":39,"minecraft:eat_cake_slice":3,"minecraft:leave_game":4,"minecraft:time_since_death":8962,"minecraft:sprint_one_cm":391338,"minecraft:walk_one_cm":263950,"minecraft:drop":97,"minecraft:play_time":180650,"minecraft:deaths":4,"minecraft:sneak_time":954,"minecraft:walk_under_water_one_cm":4088,"minecraft:jump":2102,"minecraft:walk_on_water_one_cm":8488,"minecraft:total_world_time":180650,"minecraft:interact_with_furnace":27,"minecraft:sleep_in_bed":11,"minecraft:time_since_rest":6859,"minecraft:damage_taken":1955,"minecraft:damage_dealt":6197,"minecraft:swim_one_cm":10161,"minecraft:fly_one_cm":387910,"minecraft:open_chest":47,"minecraft:crouch_one_cm":1309,"tombstone:undead_killed":4,"minecraft:fall_one_cm":50426,"minecraft:inspect_dispenser":1},"minecraft:crafted":{"minecraft:oak_planks":4,"vanillaplustools:stone_hammer":2,"minecraft:cooked_chicken":2,"minecraft:furnace":3,"minecraft:cooked_mutton":5,"quark:acacia_chest":2,"sophisticatedbackpacks:copper_backpack":2,"minecraft:stone_pickaxe":20,"sophisticatedbackpacks:iron_backpack":4,"minecraft:red_dye":1,"sophisticatedbackpacks:backpack":2,"minecraft:crafting_table":2,"minecraft:wooden_pickaxe":1,"minecraft:copper_ingot":38,"minecraft:stone_axe":1,"minecraft:bread":18,"minecraft:air":0,"minecraft:jungle_planks":24,"minecraft:blue_dye":1,"minecraft:string":16,"minecraft:yellow_dye":1,"minecraft:stick":52,"minecraft:iron_ingot":6,"minecraft:wooden_axe":1,"minecraft:stone_sword":1,"minecraft:white_bed":1,"minecraft:acacia_planks":64,"minecraft:torch":32},"minecraft:used":{"alexsmobs:emu_egg":1,"minecraft:stone_sword":7,"vanillaplustools:stone_hammer":47,"minecraft:cooked_chicken":2,"minecraft:dirt":1,"minecraft:jungle_planks":12,"minecraft:spruce_stairs":1,"minecraft:granite":2,"minecraft:wooden_axe":16,"minecraft:lantern":1,"minecraft:iron_axe":114,"minecraft:item_frame":1,"minecraft:brown_carpet":4,"minecraft:furnace":3,"tombstone:gift":4,"minecraft:egg":1,"minecraft:cooked_beef":5,"minecraft:acacia_planks":5,"minecraft:wheat_seeds":1,"minecraft:cooked_mutton":5,"minecraft:stone_pickaxe":127,"minecraft:cartography_table":1,"minecraft:wooden_pickaxe":19,"minecraft:leather_chestplate":1,"minecraft:yellow_terracotta":1,"minecraft:crafting_table":8,"quark:acacia_chest":4,"minecraft:white_bed":3,"minecraft:apple":2,"minecraft:bread":6,"minecraft:iron_pickaxe":20,"minecraft:spruce_trapdoor":1,"minecraft:stone_axe":98,"minecraft:cobblestone":24,"minecraft:smithing_table":1,"minecraft:yellow_bed":1,"alexsmobs:animal_dictionary":2,"minecraft:experience_bottle":1},"minecraft:killed":{"minecraft:spider":1,"born_in_chaos_v1:maggot":1,"minecraft:horse":10,"minecraft:chicken":2,"luminousworld:savannah_zombie":3,"born_in_chaos_v1:baby_skeleton":1,"mowziesmobs:umvuthana_follower_raptor":4,"minecraft:sheep":3,"endermanoverhaul:cave_enderman":2,"born_in_chaos_v1:nightmare_stalker":1,"minecraft:cow":4},"minecraft:killed_by":{"born_in_chaos_v1:nightmare_stalker":2,"born_in_chaos_v1:spirit_guide":1,"undead_revamp2:bomber":1},"minecraft:picked_up":{"minecraft:crafting_table":7,"minecraft:wheat":85,"minecraft:azure_bluet":1,"minecraft:chicken":2,"minecraft:yellow_wool":4,"artifacts:umbrella":1,"minecraft:smithing_table":1,"minecraft:lead":2,"minecraft:wooden_pickaxe":1,"minecraft:cornflower":2,"minecraft:string":4,"minecraft:iron_axe":1,"minecraft:raw_copper":45,"minecraft:item_frame":4,"minecraft:compass":2,"minecraft:experience_bottle":2,"minecraft:cartography_table":1,"minecraft:beef":8,"minecraft:poppy":1,"minecraft:iron_pickaxe":1,"minecraft:spruce_trapdoor":12,"minecraft:furnace":1,"minecraft:egg":2,"minecraft:raw_iron":12,"minecraft:stone":2,"minecraft:acacia_log":20,"minecraft:spruce_stairs":11,"tombstone:grave_dust":2,"born_in_chaos_v1:nightmare_claw":1,"minecraft:brown_carpet":4,"minecraft:rotten_flesh":1,"quark:acacia_chest":4,"minecraft:yellow_terracotta":1,"alexsmobs:emu_egg":1,"luminousworld:tall_deadbush":3,"supplementaries:ash":6,"minecraft:mutton":5,"minecraft:cobblestone":490,"minecraft:white_wool":3,"born_in_chaos_v1:corpse_maggot":1,"luminousworld:savannah_ground":2,"born_in_chaos_v1:monster_flesh":1,"minecraft:feather":3,"minecraft:cooked_beef":8,"minecraft:andesite":4,"minecraft:jungle_log":6,"minecraft:leather":15,"minecraft:oak_log":1,"minecraft:yellow_bed":1,"minecraft:cobblestone_stairs":2,"minecraft:paper":5,"minecraft:dirt":12,"minecraft:lantern":3,"minecraft:red_carpet":1,"minecraft:bone":1,"minecraft:acacia_planks":19,"minecraft:apple":2,"minecraft:wheat_seeds":237,"minecraft:iron_ingot":3,"luminousworld:elephant_grass":2,"minecraft:scaffolding":4,"born_in_chaos_v1:ethereal_spirit":1,"minecraft:dandelion":2,"minecraft:white_bed":3,"minecraft:spider_eye":1,"minecraft:granite":5,"minecraft:spruce_sign":16,"minecraft:emerald":1,"minecraft:bread":82,"mowziesmobs:umvuthana_mask_fear":2,"tombstone:magic_scroll":1,"minecraft:oak_sapling":1,"minecraft:coal":55,"iceandfire:raw_silver":1,"minecraft:ender_pearl":1}},"DataVersion":3465}