{"stats":{"minecraft:used":{"minecraft:wooden_axe":16,"minecraft:stone_pickaxe":48,"minecraft:wooden_pickaxe":19,"minecraft:cooked_chicken":2,"minecraft:stone_axe":9,"minecraft:crafting_table":2,"minecraft:furnace":1,"minecraft:white_bed":1,"tombstone:gift":2,"alexsmobs:animal_dictionary":2},"minecraft:custom":{"minecraft:time_since_rest":9910,"minecraft:interact_with_furnace":3,"minecraft:sprint_one_cm":37141,"minecraft:damage_taken":360,"minecraft:walk_one_cm":33421,"minecraft:mob_kills":6,"minecraft:drop":14,"minecraft:damage_dealt":531,"minecraft:swim_one_cm":1030,"minecraft:interact_with_crafting_table":7,"minecraft:fly_one_cm":37203,"minecraft:crouch_one_cm":469,"minecraft:play_time":36711,"minecraft:deaths":1,"minecraft:sneak_time":316,"minecraft:walk_under_water_one_cm":1270,"minecraft:jump":258,"minecraft:damage_dealt_resisted":8,"minecraft:leave_game":2,"minecraft:time_since_death":15857,"minecraft:walk_on_water_one_cm":1514,"minecraft:sleep_in_bed":1,"minecraft:total_world_time":36711,"minecraft:fall_one_cm":5956},"minecraft:killed":{"minecraft:sheep":3,"minecraft:horse":1,"minecraft:chicken":2},"minecraft:crafted":{"minecraft:crafting_table":1,"minecraft:stick":20,"minecraft:cooked_chicken":2,"minecraft:wooden_pickaxe":1,"minecraft:stone_pickaxe":1,"minecraft:wooden_axe":1,"minecraft:furnace":1,"minecraft:white_bed":1,"minecraft:acacia_planks":52,"minecraft:stone_axe":1,"minecraft:air":0},"minecraft:picked_up":{"minecraft:crafting_table":1,"minecraft:feather":1,"minecraft:chicken":2,"minecraft:acacia_log":13,"minecraft:white_bed":1,"minecraft:dirt":8,"minecraft:wheat_seeds":4,"minecraft:mutton":5,"minecraft:coal":19,"minecraft:cobblestone":48,"minecraft:white_wool":3,"minecraft:egg":1},"minecraft:dropped":{"minecraft:dirt":8,"minecraft:wheat_seeds":4,"minecraft:wooden_axe":1,"minecraft:feather":1,"minecraft:wooden_pickaxe":1,"minecraft:egg":1},"minecraft:mined":{"minecraft:white_bed":1,"minecraft:crafting_table":1,"minecraft:grass":9,"minecraft:acacia_log":13,"minecraft:grass_block":3,"minecraft:coal_ore":19,"minecraft:dirt":1,"minecraft:tall_grass":1,"minecraft:stone":48},"minecraft:killed_by":{"born_in_chaos_v1:spirit_guide":1}},"DataVersion":3465}