{"stats":{"minecraft:used":{"minecraft:spruce_slab":4,"minecraft:shield":5,"minecraft:iron_sword":207,"vampirism:hunter_axe_enhanced":4,"paraglider:goddess_statue":1,"minecraft:carrot":2,"vampirism:dark_spruce_planks":2,"minecraft:bow":3,"minecraft:furnace":7,"minecraft:gray_bed":3,"minecraft:stone_pickaxe":118,"minecraft:oak_planks":11,"minecraft:wooden_pickaxe":7,"minecraft:blue_bed":11,"minecraft:shears":4,"waystones:waystone":1,"minecraft:bread":47,"minecraft:wooden_sword":30,"minecraft:andesite":5,"minecraft:coarse_dirt":2,"minecraft:cobweb":9,"minecraft:iron_bars":1,"minecraft:stone_sword":199,"dynamictrees:oak_seed":1,"minecraft:wooden_shovel":4,"minecraft:torch":60,"minecraft:dirt":4,"minecraft:spruce_stairs":4,"minecraft:granite":37,"minecraft:wooden_axe":35,"tombstone:gift":5,"minecraft:iron_leggings":1,"minecraft:water_bucket":10,"minecraft:mossy_cobblestone":7,"minecraft:crafting_table":21,"minecraft:white_bed":1,"minecraft:iron_pickaxe":229,"justhammers:stone_hammer":218,"minecraft:stone_axe":58,"minecraft:cobblestone":218,"minecraft:bucket":11,"minecraft:yellow_bed":4},"minecraft:killed":{"vampirism:vampire":3,"vampirism:advanced_vampire":1,"minecraft:spider":1,"vampirism:blinding_bat":1,"minecraft:skeleton":5,"minecraft:silverfish":1,"minecraft:creeper":1,"minecraft:pillager":3,"minecraft:goat":3,"minecraft:zombie":3,"minecraft:cow":23,"minecraft:horse":1,"alexsmobs:skreecher":1,"iceandfire:ghost":2,"minecraft:enderman":1},"minecraft:dropped":{"minecraft:porkchop":1,"minecraft:glow_ink_sac":5,"minecraft:crossbow":1,"minecraft:lantern":3,"minecraft:cracked_stone_bricks":9,"minecraft:leather_helmet":1,"iceandfire:graveyard_soil":4,"minecraft:dirt":2,"minecraft:yellow_dye":1,"biomesoplenty:yellow_autumn_leaves":3,"minecraft:chain":6,"minecraft:gold_nugget":6,"minecraft:wooden_sword":1,"iceandfire:ash":4,"minecraft:white_wool":1,"minecraft:bone":6,"minecraft:iron_nugget":20,"minecraft:polished_andesite_slab":1,"vampirism:vampire_orchid":1,"minecraft:wheat":24,"minecraft:rotten_flesh":3,"evilcraft:flesh_humanoid":5,"minecraft:carrot":1,"justhammers:stone_hammer":5,"iceandfire:ghost_chest":1,"minecraft:gunpowder":2,"minecraft:leather_leggings":2,"minecraft:spruce_slab":2,"minecraft:beef":10,"minecraft:egg":1,"minecraft:wheat_seeds":4,"minecraft:mossy_cobblestone":23,"minecraft:cobblestone":50,"relics:midnight_robe":1,"minecraft:granite":1,"minecraft:spruce_door":1,"minecraft:spruce_stairs":7,"minecraft:stick":2,"minecraft:polished_andesite":9,"minecraft:spruce_fence_gate":1,"minecraft:blue_dye":2,"minecraft:wooden_axe":1,"tombstone:grave_dust":2,"minecraft:polished_andesite_stairs":2,"minecraft:pumpkin":3,"minecraft:red_dye":2,"vampirism:ring":1,"minecraft:tripwire_hook":1,"minecraft:stone_sword":1,"minecraft:coarse_dirt":8,"minecraft:cobblestone_wall":1,"minecraft:raw_iron":1,"sophisticatedbackpacks:backpack":1,"minecraft:spruce_fence":1,"minecraft:shears":1,"minecraft:potato":2,"minecraft:spruce_trapdoor":3,"minecraft:spruce_planks":4,"minecraft:andesite":14,"minecraft:mossy_stone_bricks":9,"minecraft:stone_bricks":23,"minecraft:spider_eye":1,"minecraft:stone_pickaxe":1,"minecraft:wooden_pickaxe":1},"minecraft:crafted":{"minecraft:oak_planks":48,"minecraft:stone":30,"paraglider:deku_leaf":3,"minecraft:bow":1,"sophisticatedbackpacks:copper_backpack":2,"minecraft:chest":2,"minecraft:wooden_shovel":1,"sophisticatedbackpacks:backpack":4,"minecraft:crafting_table":6,"minecraft:spruce_planks":12,"minecraft:iron_helmet":1,"minecraft:wooden_pickaxe":1,"minecraft:copper_ingot":22,"minecraft:birch_planks":12,"vampirism:dark_spruce_planks":4,"minecraft:iron_chestplate":1,"minecraft:yellow_dye":2,"minecraft:shield":1,"minecraft:stick":12,"minecraft:iron_ingot":30,"minecraft:iron_pickaxe":1,"minecraft:stone_sword":2,"minecraft:gold_ingot":124,"minecraft:shears":1,"minecraft:wooden_sword":1,"minecraft:furnace":1,"minecraft:stone_pickaxe":2,"minecraft:dark_oak_planks":24,"minecraft:wheat":450,"sophisticatedbackpacks:iron_backpack":3,"minecraft:coal_block":2,"paraglider:paraglider":1,"minecraft:red_dye":4,"iceandfire:silver_ingot":1,"sophisticatedbackpacks:gold_backpack":2,"minecraft:bucket":1,"minecraft:stone_axe":1,"minecraft:bread":141,"minecraft:air":0,"minecraft:blue_dye":2,"minecraft:golden_apple":2,"justhammers:stone_hammer":4,"minecraft:wooden_axe":1,"minecraft:iron_leggings":1,"minecraft:torch":60},"minecraft:picked_up":{"minecraft:wheat":3,"minecraft:brewing_stand":1,"paraglider:goddess_statue":2,"iceandfire:manuscript":4,"minecraft:string":52,"minecraft:raw_copper":54,"biomesoplenty:yellow_autumn_leaves":3,"minecraft:gold_nugget":715,"minecraft:spruce_planks":3,"dynamictrees:oak_seed":13,"minecraft:furnace":6,"minecraft:stick":32,"iceandfire:ghost_chest":1,"minecraft:torch":3,"minecraft:spruce_stairs":11,"tombstone:grave_dust":3,"vampirism:vampire_fang":2,"minecraft:light_gray_banner":1,"vampirism:hunter_table":1,"vampirism:blood_bottle":1,"minecraft:rotten_flesh":3,"minecraft:blue_dye":2,"minecraft:iron_bars":1,"minecraft:cobblestone":1343,"minecraft:birch_log":3,"minecraft:andesite":19,"evilcraft:flesh_humanoid":3,"minecraft:lapis_lazuli":29,"minecraft:dirt":6,"minecraft:lantern":3,"minecraft:bone":7,"minecraft:wheat_seeds":5,"minecraft:mossy_stone_bricks":9,"vampirism:ring":1,"vampirism:crucifix_normal":1,"minecraft:dark_oak_log":6,"minecraft:mossy_cobblestone":30,"minecraft:spruce_fence_gate":1,"minecraft:polished_andesite":9,"waystones:waystone":2,"minecraft:crossbow":1,"minecraft:granite":38,"minecraft:emerald":11,"minecraft:blue_banner":2,"iceandfire:raw_silver":6,"minecraft:charcoal":2,"minecraft:crafting_table":17,"minecraft:coarse_dirt":10,"vampirism:dark_spruce_log":9,"minecraft:leather_leggings":1,"minecraft:chain":6,"minecraft:cornflower":2,"iceandfire:graveyard_soil":4,"minecraft:cracked_stone_bricks":9,"minecraft:cartography_table":1,"minecraft:beef":44,"minecraft:poppy":4,"minecraft:spruce_slab":6,"minecraft:spruce_trapdoor":3,"minecraft:egg":1,"minecraft:raw_iron":208,"sophisticatedbackpacks:backpack":1,"minecraft:spruce_fence":1,"minecraft:dark_oak_planks":6,"minecraft:arrow":3,"iceandfire:silver_ingot":2,"minecraft:shears":1,"minecraft:hay_block":50,"minecraft:gold_ingot":2,"minecraft:white_wool":12,"minecraft:rail":89,"minecraft:tripwire_hook":1,"minecraft:glow_ink_sac":5,"minecraft:leather":24,"alexsmobs:skreecher_soul":1,"minecraft:oak_log":19,"iceandfire:ectoplasm":4,"minecraft:gunpowder":2,"minecraft:yellow_bed":4,"minecraft:cobblestone_wall":1,"relics:midnight_robe":1,"minecraft:blue_bed":11,"minecraft:white_banner":1,"minecraft:stone_bricks":23,"minecraft:iron_ingot":1,"minecraft:cobweb":7,"minecraft:gray_bed":3,"minecraft:polished_andesite_slab":1,"minecraft:polished_andesite_stairs":2,"minecraft:pumpkin":3,"iceandfire:ash":4,"minecraft:dandelion":2,"justhammers:stone_hammer":2,"minecraft:spruce_log":3,"minecraft:white_bed":1,"minecraft:spruce_door":1,"minecraft:spider_eye":1,"evilcraft:dark_gem":15,"vampirism:vampire_orchid":1,"minecraft:coal":74,"minecraft:ender_pearl":1},"minecraft:custom":{"minecraft:animals_bred":4,"minecraft:interact_with_crafting_table":60,"minecraft:open_barrel":24,"minecraft:eat_cake_slice":7,"minecraft:leave_game":11,"minecraft:time_since_death":1391,"minecraft:sprint_one_cm":686062,"minecraft:damage_blocked_by_shield":200,"vampirism:interact_with_totem":10,"minecraft:drop":207,"minecraft:play_time":345114,"minecraft:deaths":18,"minecraft:jump":3777,"minecraft:walk_on_water_one_cm":32177,"minecraft:interact_with_furnace":34,"minecraft:interact_with_cartography_table":3,"vampirism:interact_with_research_table":1,"minecraft:sleep_in_bed":18,"minecraft:waystone_activated":3,"minecraft:damage_dealt":10118,"minecraft:crouch_one_cm":14667,"tombstone:undead_killed":10,"minecraft:interact_with_smoker":3,"minecraft:interact_with_smithing_table":2,"minecraft:mob_kills":52,"minecraft:damage_dealt_resisted":440,"minecraft:climb_one_cm":10283,"minecraft:walk_one_cm":476425,"minecraft:sneak_time":6139,"minecraft:walk_under_water_one_cm":7574,"minecraft:total_world_time":345114,"tombstone:raider_killed":3,"minecraft:time_since_rest":1131,"minecraft:damage_taken":2147483647,"minecraft:trigger_trapped_chest":2,"minecraft:swim_one_cm":38083,"minecraft:fly_one_cm":807263,"minecraft:open_chest":50,"minecraft:fall_one_cm":76498},"minecraft:killed_by":{"vampirism:advanced_vampire":1,"alexsmobs:crocodile":1,"vampirism:vampire":4,"iceandfire:fire_dragon":9,"minecraft:enderman":1,"alexsmobs:bison":1,"iceandfire:gorgon":1},"minecraft:mined":{"minecraft:spruce_planks":3,"minecraft:white_bed":1,"iceandfire:graveyard_soil":3,"minecraft:sculk_vein":2,"minecraft:brewing_stand":1,"minecraft:spruce_trapdoor":3,"minecraft:granite":1,"minecraft:grass_block":3,"vampirism:dark_spruce_log":9,"vampirism:hunter_table":1,"minecraft:iron_ore":66,"minecraft:fire":17,"minecraft:pumpkin":3,"iceandfire:gold_pile":73,"minecraft:iron_bars":1,"minecraft:spruce_slab":5,"minecraft:blue_wall_banner":2,"minecraft:torch":2,"minecraft:poppy":4,"minecraft:polished_andesite_stairs":2,"iceandfire:ghost_chest":1,"minecraft:cobblestone":11,"minecraft:birch_log":3,"vampirism:dark_spruce_leaves":3,"minecraft:grass":46,"minecraft:oak_log":6,"minecraft:dirt":5,"minecraft:tripwire_hook":1,"iceandfire:silver_ore":1,"minecraft:dark_oak_leaves":1,"minecraft:dark_oak_log":6,"minecraft:spruce_fence":1,"vampirism:vampire_orchid":1,"minecraft:polished_andesite_slab":1,"minecraft:cartography_table":1,"minecraft:hay_block":50,"dynamictrees:oak_leaves":2,"minecraft:furnace":6,"evilcraft:dark_ore":3,"minecraft:vine":63,"minecraft:rail":89,"minecraft:lantern":1,"minecraft:stone":27,"minecraft:white_wool":12,"minecraft:dandelion":2,"minecraft:crafting_table":17,"minecraft:cornflower":2,"minecraft:emerald_ore":11,"minecraft:light_gray_wall_banner":1,"minecraft:sculk_sensor":2,"minecraft:campfire":1,"minecraft:tall_grass":9,"minecraft:copper_ore":8,"biomesoplenty:sprout":1,"minecraft:blue_bed":11,"minecraft:spruce_stairs":11,"minecraft:coarse_dirt":10,"minecraft:cobblestone_wall":1,"biomesoplenty:yellow_autumn_leaves":4,"minecraft:sweet_berry_bush":1,"minecraft:gray_bed":3,"minecraft:spruce_log":3,"vampirism:cursed_roots":2,"iceandfire:ash":4,"minecraft:yellow_bed":4,"minecraft:coal_ore":5,"minecraft:cobweb":52,"minecraft:cracked_stone_bricks":9,"minecraft:polished_andesite":10,"minecraft:spruce_fence_gate":1,"minecraft:stone_bricks":23,"minecraft:mossy_stone_bricks":10,"paraglider:goddess_statue":2},"minecraft:broken":{"minecraft:iron_boots":1,"minecraft:iron_leggings":1,"minecraft:iron_sword":1,"minecraft:stone_sword":1,"minecraft:iron_helmet":1}},"DataVersion":3465}