{"stats":{"minecraft:custom":{"minecraft:interact_with_furnace":11,"minecraft:mob_kills":11,"minecraft:interact_with_crafting_table":9,"minecraft:damage_dealt_resisted":8,"minecraft:leave_game":3,"minecraft:time_since_death":40593,"minecraft:sleep_in_bed":3,"minecraft:time_since_rest":8280,"minecraft:sprint_one_cm":85732,"minecraft:damage_taken":580,"minecraft:walk_one_cm":52062,"minecraft:drop":20,"minecraft:damage_dealt":1333,"minecraft:swim_one_cm":4029,"minecraft:fly_one_cm":97162,"minecraft:crouch_one_cm":479,"minecraft:play_time":61447,"minecraft:deaths":1,"minecraft:sneak_time":366,"minecraft:walk_under_water_one_cm":2637,"minecraft:jump":609,"minecraft:walk_on_water_one_cm":5062,"minecraft:total_world_time":61447,"minecraft:fall_one_cm":13925},"minecraft:used":{"minecraft:cooked_mutton":5,"minecraft:stone_pickaxe":125,"minecraft:wooden_pickaxe":19,"vanillaplustools:stone_hammer":43,"minecraft:cooked_chicken":2,"minecraft:dirt":1,"minecraft:crafting_table":2,"minecraft:white_bed":2,"minecraft:granite":2,"minecraft:wooden_axe":16,"minecraft:stone_axe":27,"minecraft:cobblestone":19,"minecraft:furnace":1,"tombstone:gift":2,"alexsmobs:animal_dictionary":2,"minecraft:egg":1},"minecraft:killed":{"minecraft:sheep":3,"minecraft:horse":1,"endermanoverhaul:cave_enderman":1,"minecraft:chicken":2,"minecraft:cow":4},"minecraft:crafted":{"vanillaplustools:stone_hammer":1,"minecraft:crafting_table":1,"minecraft:wooden_pickaxe":1,"minecraft:cooked_chicken":2,"minecraft:furnace":1,"minecraft:stone_axe":1,"minecraft:cooked_mutton":5,"minecraft:air":0,"minecraft:stick":32,"minecraft:stone_pickaxe":10,"minecraft:wooden_axe":1,"minecraft:white_bed":1,"minecraft:acacia_planks":52},"minecraft:picked_up":{"minecraft:crafting_table":1,"minecraft:feather":1,"minecraft:chicken":2,"minecraft:andesite":4,"minecraft:leather":4,"minecraft:dirt":9,"minecraft:raw_copper":7,"minecraft:wheat_seeds":6,"minecraft:beef":8,"minecraft:egg":2,"minecraft:raw_iron":3,"minecraft:stone":1,"minecraft:acacia_log":13,"minecraft:white_bed":1,"minecraft:granite":5,"minecraft:mutton":5,"minecraft:coal":35,"minecraft:white_wool":3,"minecraft:cobblestone":464},"minecraft:dropped":{"minecraft:wheat_seeds":6,"minecraft:feather":1,"minecraft:granite":3,"minecraft:dirt":8,"minecraft:stone":1,"minecraft:wooden_axe":1,"minecraft:wooden_pickaxe":1,"minecraft:egg":1},"minecraft:mined":{"minecraft:white_bed":1,"minecraft:crafting_table":1,"minecraft:granite":5,"minecraft:acacia_log":13,"minecraft:grass_block":4,"minecraft:tall_grass":1,"minecraft:copper_ore":2,"minecraft:andesite":4,"minecraft:grass":16,"minecraft:coal_ore":32,"minecraft:dirt":1,"minecraft:stone":471},"minecraft:killed_by":{"born_in_chaos_v1:spirit_guide":1}},"DataVersion":3465}