{"stats":{"minecraft:used":{"minecraft:iron_bars":1,"minecraft:stone_sword":85,"dynamictrees:oak_seed":1,"minecraft:wooden_shovel":4,"vampirism:hunter_axe_enhanced":4,"minecraft:dirt":1,"minecraft:carrot":2,"minecraft:granite":36,"minecraft:wooden_axe":35,"vampirism:dark_spruce_planks":2,"minecraft:furnace":3,"tombstone:gift":3,"minecraft:stone_pickaxe":44,"minecraft:oak_planks":11,"minecraft:wooden_pickaxe":7,"minecraft:blue_bed":5,"minecraft:crafting_table":12,"minecraft:white_bed":1,"minecraft:shears":4,"minecraft:bread":25,"justhammers:stone_hammer":23,"minecraft:stone_axe":19,"minecraft:wooden_sword":30,"minecraft:cobblestone":33,"minecraft:bucket":1,"minecraft:yellow_bed":4,"minecraft:coarse_dirt":2,"minecraft:cobweb":7},"minecraft:picked_up":{"minecraft:coarse_dirt":2,"minecraft:crafting_table":10,"minecraft:wheat":3,"vampirism:dark_spruce_log":1,"minecraft:chain":6,"minecraft:brewing_stand":1,"minecraft:cornflower":2,"iceandfire:manuscript":4,"minecraft:string":31,"minecraft:raw_copper":28,"biomesoplenty:yellow_autumn_leaves":2,"iceandfire:graveyard_soil":4,"minecraft:cartography_table":1,"minecraft:gold_nugget":1,"minecraft:beef":17,"minecraft:poppy":4,"dynamictrees:oak_seed":13,"minecraft:spruce_slab":2,"minecraft:furnace":3,"minecraft:raw_iron":5,"minecraft:stick":31,"iceandfire:ghost_chest":1,"sophisticatedbackpacks:backpack":1,"minecraft:light_gray_banner":1,"minecraft:dark_oak_planks":6,"vampirism:hunter_table":1,"iceandfire:silver_ingot":2,"minecraft:hay_block":17,"minecraft:blue_dye":2,"minecraft:gold_ingot":2,"minecraft:cobblestone":152,"minecraft:iron_bars":1,"minecraft:white_wool":12,"minecraft:birch_log":3,"minecraft:leather":8,"minecraft:oak_log":19,"evilcraft:flesh_humanoid":2,"iceandfire:ectoplasm":4,"minecraft:yellow_bed":4,"minecraft:cobblestone_wall":1,"minecraft:dirt":5,"minecraft:blue_bed":6,"relics:midnight_robe":1,"minecraft:lantern":3,"minecraft:bone":4,"minecraft:wheat_seeds":3,"minecraft:iron_ingot":1,"minecraft:cobweb":7,"vampirism:ring":1,"minecraft:dandelion":1,"vampirism:crucifix_normal":1,"minecraft:white_bed":1,"minecraft:spruce_log":3,"minecraft:dark_oak_log":6,"waystones:waystone":1,"minecraft:granite":36,"minecraft:blue_banner":2,"vampirism:vampire_orchid":1,"minecraft:coal":29,"iceandfire:raw_silver":1},"minecraft:killed":{"minecraft:horse":1,"iceandfire:ghost":2,"minecraft:cow":9},"minecraft:killed_by":{"alexsmobs:bison":1,"alexsmobs:crocodile":1,"vampirism:vampire":3},"minecraft:dropped":{"minecraft:porkchop":1,"minecraft:wheat_seeds":3,"minecraft:cobblestone":1,"minecraft:lantern":3,"relics:midnight_robe":1,"iceandfire:graveyard_soil":4,"minecraft:stick":2,"minecraft:dirt":2,"minecraft:blue_dye":2,"minecraft:yellow_dye":1,"minecraft:wooden_axe":1,"biomesoplenty:yellow_autumn_leaves":1,"minecraft:chain":6,"minecraft:wooden_sword":1,"minecraft:red_dye":2,"vampirism:ring":1,"minecraft:white_wool":1,"minecraft:bone":4,"minecraft:cobblestone_wall":1,"minecraft:wheat":8,"vampirism:vampire_orchid":1,"sophisticatedbackpacks:backpack":1,"evilcraft:flesh_humanoid":3,"minecraft:carrot":1,"minecraft:potato":2,"iceandfire:ghost_chest":1,"minecraft:spruce_slab":2,"minecraft:wooden_pickaxe":1,"minecraft:beef":2},"minecraft:custom":{"minecraft:mob_kills":13,"minecraft:animals_bred":4,"minecraft:interact_with_crafting_table":29,"minecraft:open_barrel":20,"minecraft:damage_dealt_resisted":180,"minecraft:leave_game":3,"minecraft:time_since_death":34550,"minecraft:climb_one_cm":9348,"minecraft:sprint_one_cm":332401,"minecraft:walk_one_cm":179795,"vampirism:interact_with_totem":7,"minecraft:drop":50,"minecraft:play_time":158069,"minecraft:deaths":5,"minecraft:sneak_time":1871,"minecraft:walk_under_water_one_cm":2525,"minecraft:jump":1532,"minecraft:walk_on_water_one_cm":11307,"minecraft:total_world_time":158069,"minecraft:interact_with_furnace":14,"minecraft:interact_with_cartography_table":2,"vampirism:interact_with_research_table":1,"minecraft:sleep_in_bed":10,"minecraft:time_since_rest":34250,"minecraft:waystone_activated":2,"minecraft:damage_taken":2066,"minecraft:trigger_trapped_chest":2,"minecraft:damage_dealt":2440,"minecraft:swim_one_cm":29963,"minecraft:fly_one_cm":354327,"minecraft:open_chest":37,"minecraft:crouch_one_cm":5033,"tombstone:undead_killed":2,"minecraft:fall_one_cm":34158},"minecraft:crafted":{"minecraft:wooden_sword":1,"minecraft:oak_planks":48,"minecraft:furnace":1,"minecraft:stone":3,"paraglider:deku_leaf":2,"sophisticatedbackpacks:copper_backpack":1,"minecraft:stone_pickaxe":1,"minecraft:chest":1,"minecraft:dark_oak_planks":24,"sophisticatedbackpacks:iron_backpack":1,"minecraft:wheat":153,"paraglider:paraglider":1,"minecraft:red_dye":4,"minecraft:wooden_shovel":1,"sophisticatedbackpacks:backpack":3,"iceandfire:silver_ingot":1,"minecraft:crafting_table":3,"minecraft:spruce_planks":12,"minecraft:wooden_pickaxe":1,"minecraft:copper_ingot":22,"minecraft:bucket":1,"minecraft:birch_planks":12,"minecraft:stone_axe":1,"minecraft:bread":42,"minecraft:air":0,"minecraft:blue_dye":2,"vampirism:dark_spruce_planks":4,"minecraft:golden_apple":2,"minecraft:yellow_dye":1,"justhammers:stone_hammer":1,"minecraft:stick":8,"minecraft:iron_ingot":2,"minecraft:wooden_axe":1,"minecraft:stone_sword":1,"minecraft:gold_ingot":45,"minecraft:shears":1},"minecraft:mined":{"minecraft:white_bed":1,"iceandfire:graveyard_soil":3,"iceandfire:silver_ore":1,"minecraft:dark_oak_leaves":1,"minecraft:dark_oak_log":6,"minecraft:brewing_stand":1,"minecraft:grass_block":2,"vampirism:dark_spruce_log":1,"vampirism:vampire_orchid":1,"vampirism:hunter_table":1,"minecraft:cartography_table":1,"minecraft:hay_block":17,"dynamictrees:oak_leaves":2,"minecraft:furnace":3,"minecraft:iron_ore":5,"minecraft:vine":5,"minecraft:iron_bars":1,"minecraft:lantern":1,"minecraft:stone":11,"minecraft:white_wool":12,"minecraft:spruce_slab":2,"minecraft:blue_wall_banner":2,"minecraft:dandelion":1,"minecraft:crafting_table":10,"minecraft:cornflower":2,"minecraft:light_gray_wall_banner":1,"minecraft:poppy":4,"iceandfire:ghost_chest":1,"minecraft:tall_grass":3,"minecraft:copper_ore":8,"minecraft:cobblestone":9,"minecraft:blue_bed":6,"minecraft:coarse_dirt":2,"minecraft:cobblestone_wall":1,"biomesoplenty:yellow_autumn_leaves":4,"minecraft:birch_log":3,"vampirism:dark_spruce_leaves":1,"minecraft:sweet_berry_bush":1,"minecraft:spruce_log":3,"minecraft:yellow_bed":4,"minecraft:grass":31,"minecraft:oak_log":6,"minecraft:coal_ore":5,"minecraft:dirt":5,"minecraft:cobweb":31}},"DataVersion":3465}