{"stats":{"minecraft:mined":{"minecraft:white_bed":3,"minecraft:cobblestone_stairs":2,"minecraft:jungle_leaves":1,"minecraft:spruce_trapdoor":10,"minecraft:granite":6,"minecraft:budding_amethyst":4,"minecraft:acacia_log":64,"minecraft:grass_block":6,"minecraft:jungle_log":7,"minecraft:coal_block":2,"luminousworld:savanna_grass_2":21,"minecraft:tall_seagrass":2,"minecraft:magma_block":35,"minecraft:iron_ore":21,"minecraft:fire":36,"minecraft:azure_bluet":1,"minecraft:pointed_dripstone":2,"supplementaries:stick":1,"minecraft:dirt_path":4,"minecraft:orange_bed":6,"minecraft:deepslate_redstone_ore":7,"luminousworld:tall_deadbush":6,"luminousworld:purple_petunias":1,"minecraft:amethyst_cluster":1,"minecraft:torch":2,"minecraft:blast_furnace":4,"minecraft:calcite":1,"minecraft:poppy":2,"minecraft:melon":2,"minecraft:spruce_wall_sign":1,"minecraft:cobblestone":7,"placeablesmod:bread_full_block":1,"minecraft:wall_torch":7,"minecraft:amethyst_block":16,"minecraft:deepslate_copper_ore":6,"minecraft:chain":2,"minecraft:acacia_sapling":1,"minecraft:yellow_wool":4,"minecraft:wheat":46,"minecraft:lilac":1,"minecraft:grass":48,"minecraft:oak_log":1,"minecraft:acacia_fence":6,"minecraft:sand":2,"minecraft:dirt":1,"minecraft:sandstone_wall":3,"minecraft:smooth_basalt":2,"luminousworld:savannah_grass_4":12,"minecraft:oak_leaves":3,"minecraft:deepslate":52,"luminousworld:savannah_ground":3,"minecraft:yellow_terracotta":12,"iceandfire:silver_ore":8,"minecraft:deepslate_diamond_ore":5,"luminousworld:blue_petunias":1,"minecraft:mangrove_wall_sign":2,"minecraft:jungle_planks":2,"minecraft:mangrove_trapdoor":1,"quark:acacia_chest":4,"minecraft:birch_slab":3,"minecraft:potted_bamboo":1,"minecraft:cartography_table":1,"minecraft:sandstone":1,"minecraft:hay_block":7,"minecraft:light_blue_wall_banner":2,"minecraft:redstone_ore":3,"minecraft:furnace":2,"placeablesmod:water_bucket_block":1,"minecraft:acacia_stairs":1,"minecraft:andesite":23,"minecraft:gold_block":1,"minecraft:deepslate_iron_ore":10,"minecraft:vine":1,"minecraft:lantern":1,"minecraft:stripped_acacia_log":2,"minecraft:stone":959,"minecraft:smithing_table":2,"luminousworld:savannah_soil":11,"minecraft:acacia_leaves":75,"minecraft:scaffolding":4,"minecraft:mangrove_stairs":1,"minecraft:glass_pane":16,"minecraft:brown_carpet":1,"minecraft:dandelion":1,"minecraft:crafting_table":9,"minecraft:cornflower":2,"luminousworld:savannah_grass_1":14,"ecologics:walnut_leaves":2,"minecraft:campfire":10,"minecraft:tall_grass":3,"minecraft:copper_ore":29,"minecraft:deepslate_gold_ore":3,"minecraft:lapis_ore":7,"minecraft:diorite":40,"supplementaries:urn":7,"minecraft:spruce_stairs":7,"minecraft:red_terracotta":2,"minecraft:yellow_bed":2,"minecraft:coal_ore":81,"luminousworld:ishstone":3,"minecraft:gravel":15,"minecraft:dripstone_block":4,"minecraft:cobweb":4,"minecraft:acacia_planks":10,"luminousworld:elephant_grass":10},"minecraft:used":{"alexsmobs:emu_egg":1,"minecraft:light_blue_banner":2,"minecraft:iron_shovel":13,"minecraft:iron_sword":73,"luminousworld:savannah_ground":3,"minecraft:jungle_planks":12,"minecraft:carrot":23,"minecraft:lantern":2,"minecraft:item_frame":2,"minecraft:magma_block":2,"minecraft:brown_carpet":4,"minecraft:furnace":6,"minecraft:acacia_fence":6,"minecraft:egg":1,"minecraft:stripped_acacia_log":1,"minecraft:stone_pickaxe":127,"minecraft:wooden_pickaxe":19,"minecraft:leather_chestplate":1,"minecraft:glow_berries":1,"minecraft:yellow_terracotta":10,"minecraft:shears":2,"waystones:waystone":4,"minecraft:bread":83,"minecraft:gravel":2,"minecraft:smithing_table":1,"minecraft:andesite":9,"minecraft:experience_bottle":2,"minecraft:stone_sword":263,"minecraft:acacia_log":4,"vanillaplustools:stone_hammer":125,"minecraft:sandstone_wall":2,"minecraft:cooked_chicken":2,"minecraft:stick":1,"minecraft:orange_bed":6,"minecraft:torch":79,"minecraft:dirt":4,"minecraft:spruce_stairs":1,"minecraft:granite":2,"minecraft:wooden_axe":16,"minecraft:iron_axe":285,"quark:acacia_ladder":4,"luminousworld:savannah_soil":6,"tombstone:gift":8,"minecraft:cooked_beef":8,"minecraft:cobbled_deepslate":1,"minecraft:acacia_planks":32,"minecraft:pointed_dripstone":1,"minecraft:cooked_mutton":5,"minecraft:wheat_seeds":1,"minecraft:water_bucket":41,"minecraft:cobblestone_stairs":4,"minecraft:cartography_table":1,"luminousworld:ishstone":2,"minecraft:crafting_table":12,"quark:acacia_chest":14,"minecraft:white_bed":3,"minecraft:apple":2,"minecraft:iron_pickaxe":225,"minecraft:spruce_trapdoor":1,"minecraft:stone_axe":112,"stalwart_dungeons:stone_hammer":52,"minecraft:cobblestone":272,"minecraft:bucket":41,"minecraft:yellow_bed":1,"alexsmobs:animal_dictionary":2},"minecraft:broken":{"mowziesmobs:umvuthana_mask_fear":1,"minecraft:iron_boots":1,"minecraft:iron_chestplate":1,"minecraft:iron_leggings":1,"mowziesmobs:umvuthana_mask_bliss":1,"minecraft:stone_sword":2,"minecraft:iron_axe":1,"minecraft:iron_helmet":1,"aether:leather_gloves":1},"minecraft:dropped":{"minecraft:cooked_beef":3,"minecraft:lantern":1,"minecraft:leather":4,"minecraft:birch_slab":1,"minecraft:red_carpet":1,"minecraft:item_frame":1,"minecraft:dirt":11,"minecraft:cornflower":1,"minecraft:mutton":4,"minecraft:iron_pickaxe":1,"paraglider:paraglider":1,"minecraft:white_wool":1,"minecraft:gravel":4,"minecraft:stone_axe":1,"alexsmobs:gazelle_horn":1,"minecraft:cobbled_deepslate":3,"minecraft:wheat":33,"minecraft:pointed_dripstone":5,"minecraft:rotten_flesh":8,"luminousworld:tall_deadbush":9,"minecraft:oak_planks":4,"minecraft:azure_bluet":1,"paraglider:deku_leaf":1,"minecraft:leather_chestplate":2,"supplementaries:flax_seeds":4,"supplementaries:ash":42,"minecraft:gunpowder":2,"artifacts:umbrella":1,"born_in_chaos_v1:corpse_maggot":17,"vanillaplustools:stone_hammer":1,"minecraft:arrow":1,"minecraft:egg":1,"minecraft:wheat_seeds":202,"minecraft:dripstone_block":1,"minecraft:feather":4,"minecraft:granite":3,"minecraft:acacia_log":2,"minecraft:coal":19,"minecraft:stick":3,"minecraft:torch":67,"minecraft:wooden_axe":1,"luminousworld:savannah_ground":2,"minecraft:acacia_planks":21,"minecraft:dandelion":1,"minecraft:smooth_basalt":2,"minecraft:stone_sword":1,"minecraft:stone":5,"ecologics:walnut_leaves":2,"minecraft:andesite":5,"minecraft:oak_sapling":1,"minecraft:spider_eye":4,"luminousworld:elephant_grass":16,"minecraft:stone_pickaxe":1,"luminousworld:blue_petunias":1,"minecraft:wooden_pickaxe":2,"luminousworld:purple_petunias":1},"minecraft:crafted":{"minecraft:smooth_stone":1,"minecraft:oak_planks":4,"minecraft:cooked_chicken":2,"minecraft:stone":1,"minecraft:cobblestone_stairs":4,"paraglider:deku_leaf":2,"minecraft:cooked_mutton":5,"quark:acacia_ladder":4,"sophisticatedbackpacks:copper_backpack":3,"minecraft:acacia_fence":6,"sophisticatedbackpacks:backpack":2,"minecraft:crafting_table":3,"minecraft:wooden_pickaxe":1,"minecraft:copper_ingot":38,"minecraft:string":16,"minecraft:yellow_dye":2,"minecraft:stick":100,"minecraft:iron_ingot":7,"minecraft:stone_sword":3,"vanillaplustools:stone_hammer":2,"minecraft:furnace":4,"quark:acacia_chest":12,"minecraft:iron_axe":1,"minecraft:stone_pickaxe":20,"minecraft:wheat":63,"sophisticatedbackpacks:iron_backpack":4,"minecraft:cooked_beef":10,"paraglider:paraglider":3,"minecraft:red_dye":1,"minecraft:stone_axe":2,"minecraft:bread":40,"minecraft:air":0,"minecraft:jungle_planks":24,"minecraft:blue_dye":2,"minecraft:wooden_axe":1,"minecraft:white_bed":1,"stalwart_dungeons:stone_hammer":1,"minecraft:acacia_planks":228,"minecraft:torch":76},"minecraft:custom":{"minecraft:interact_with_crafting_table":76,"minecraft:open_barrel":8,"minecraft:bell_ring":1,"minecraft:eat_cake_slice":3,"minecraft:leave_game":11,"minecraft:time_since_death":8055,"minecraft:damage_resisted":7,"minecraft:sprint_one_cm":958036,"minecraft:drop":194,"minecraft:talked_to_villager":1,"minecraft:play_time":478589,"minecraft:deaths":23,"minecraft:jump":5891,"minecraft:walk_on_water_one_cm":72861,"minecraft:interact_with_furnace":38,"minecraft:interact_with_cartography_table":1,"minecraft:sleep_in_bed":28,"minecraft:waystone_activated":4,"minecraft:damage_dealt":21161,"minecraft:crouch_one_cm":15804,"tombstone:undead_killed":19,"minecraft:inspect_dispenser":1,"minecraft:mob_kills":102,"minecraft:damage_dealt_resisted":335,"minecraft:climb_one_cm":329,"minecraft:walk_one_cm":746781,"minecraft:sneak_time":9127,"minecraft:walk_under_water_one_cm":28085,"minecraft:interact_with_blast_furnace":3,"minecraft:total_world_time":478589,"minecraft:time_since_rest":7800,"minecraft:damage_taken":11221,"minecraft:swim_one_cm":69554,"minecraft:fly_one_cm":1075511,"minecraft:open_chest":90,"minecraft:fall_one_cm":130149},"minecraft:killed_by":{"born_in_chaos_v1:nightmare_stalker":2,"born_in_chaos_v1:spirit_guide":1,"born_in_chaos_v1:corpse_fly":1,"mowziesmobs:umvuthi":4,"enemyexpansion:sprinter":1,"undead_revamp2:bomber":1,"mowziesmobs:umvuthana":1,"minecraft:zombie":1,"minecraft:husk":1,"undead_revamp2:thesomnolence":2,"born_in_chaos_v1:siamese_skeletonsleft":1,"enemyexpansion:botfly":1,"iceandfire:ghost":1},"minecraft:killed":{"naturalist:rattlesnake":1,"born_in_chaos_v1:zombie_lumberjack":1,"minecraft:spider":4,"undead_revamp2:theswarmer":1,"minecraft:skeleton":1,"minecraft:chicken":2,"mowziesmobs:umvuthana_crane":4,"creeperoverhaul:cave_creeper":1,"artifacts:mimic":1,"naturalist:rhino":2,"minecraft:sheep":4,"luminousworld:savannah_skeleton":2,"minecraft:zombie":1,"born_in_chaos_v1:dread_hound":1,"born_in_chaos_v1:corpse_fly":5,"enemyexpansion:botfly":1,"mowziesmobs:umvuthana_raptor":1,"minecraft:cow":9,"naturalist:lion":1,"undead_revamp2:thegliter":3,"enemyexpansion:direwolf":2,"born_in_chaos_v1:zombie_bruiser":1,"born_in_chaos_v1:maggot":2,"minecraft:horse":10,"undead_revamp2:thebidy":2,"born_in_chaos_v1:corpse_fish":2,"luminousworld:savannah_zombie":4,"mowziesmobs:umvuthana":12,"born_in_chaos_v1:baby_skeleton":1,"enemyexpansion:sprinter":1,"mowziesmobs:umvuthana_follower_raptor":6,"undead_revamp2:thesomnolence":4,"endermanoverhaul:cave_enderman":2,"iceandfire:ghost":1,"alexsmobs:gazelle":1,"born_in_chaos_v1:dark_vortex":1,"born_in_chaos_v1:nightmare_stalker":1},"minecraft:picked_up":{"minecraft:wheat":107,"minecraft:flower_pot":1,"minecraft:yellow_wool":4,"artifacts:umbrella":1,"minecraft:smithing_table":2,"minecraft:lead":2,"minecraft:amethyst_block":15,"alexsmobs:gazelle_horn":1,"minecraft:string":12,"minecraft:raw_copper":100,"minecraft:experience_bottle":2,"minecraft:cobbled_deepslate":48,"minecraft:bucket":1,"minecraft:calcite":2,"minecraft:iron_pickaxe":2,"minecraft:melon_slice":7,"minecraft:coal_block":2,"minecraft:furnace":2,"minecraft:stick":9,"minecraft:acacia_fence":6,"minecraft:torch":71,"minecraft:acacia_log":64,"minecraft:spruce_stairs":11,"luminousworld:savannah_soil":10,"minecraft:sandstone_wall":2,"minecraft:pointed_dripstone":6,"tombstone:grave_dust":5,"minecraft:diorite":30,"born_in_chaos_v1:nightmare_claw":1,"minecraft:brown_carpet":4,"minecraft:orange_bed":6,"minecraft:stone_sword":1,"minecraft:rotten_flesh":25,"ecologics:walnut_leaves":2,"alexsmobs:emu_egg":1,"luminousworld:tall_deadbush":9,"supplementaries:ash":53,"minecraft:cobblestone":883,"paraglider:paraglider":1,"minecraft:magma_block":19,"luminousworld:savannah_ground":5,"minecraft:leather_chestplate":1,"minecraft:feather":5,"minecraft:cooked_beef":8,"minecraft:andesite":23,"minecraft:birch_slab":1,"minecraft:water_bucket":2,"minecraft:jungle_log":6,"supplementaries:flax_seeds":4,"luminousworld:purple_petunias":1,"minecraft:lapis_lazuli":49,"minecraft:dirt":16,"minecraft:lantern":3,"minecraft:bone":4,"minecraft:acacia_planks":29,"minecraft:wheat_seeds":305,"minecraft:raw_gold":3,"luminousworld:elephant_grass":17,"minecraft:bamboo":1,"minecraft:jungle_planks":2,"minecraft:sand":1,"minecraft:acacia_stairs":1,"minecraft:dark_oak_log":1,"minecraft:red_terracotta":1,"minecraft:stripped_acacia_log":2,"minecraft:diamond":5,"waystones:waystone":4,"minecraft:granite":6,"minecraft:bone_meal":1,"minecraft:emerald":2,"minecraft:spruce_sign":16,"minecraft:bread":83,"minecraft:oak_sapling":1,"born_in_chaos_v1:rotten_fish":1,"iceandfire:raw_silver":8,"minecraft:charcoal":4,"minecraft:crafting_table":10,"minecraft:azure_bluet":1,"minecraft:chicken":2,"minecraft:wooden_pickaxe":1,"minecraft:gold_block":1,"minecraft:chain":2,"minecraft:cornflower":3,"minecraft:iron_axe":1,"minecraft:item_frame":5,"minecraft:compass":2,"minecraft:iron_shovel":1,"minecraft:cartography_table":1,"minecraft:beef":18,"born_in_chaos_v1:gnawed_bones":1,"minecraft:poppy":1,"minecraft:iron_nugget":20,"minecraft:spruce_trapdoor":16,"minecraft:egg":2,"minecraft:raw_iron":42,"minecraft:stone":5,"luminousworld:blue_petunias":1,"minecraft:mangrove_sign":2,"born_in_chaos_v1:pieceofdarkmetal":2,"minecraft:redstone":46,"minecraft:mangrove_trapdoor":1,"minecraft:arrow":4,"quark:acacia_chest":4,"minecraft:shears":1,"minecraft:hay_block":7,"minecraft:yellow_terracotta":12,"mowziesmobs:umvuthana_mask_bliss":2,"artifacts:pocket_piston":1,"minecraft:glow_berries":1,"minecraft:mutton":9,"minecraft:white_wool":5,"born_in_chaos_v1:corpse_maggot":19,"born_in_chaos_v1:monster_flesh":1,"luminousworld:ishstone":2,"minecraft:leather":22,"minecraft:oak_log":1,"iceandfire:ectoplasm":1,"minecraft:yellow_bed":1,"minecraft:gunpowder":3,"minecraft:cobblestone_stairs":2,"minecraft:paper":5,"minecraft:red_carpet":1,"minecraft:light_blue_banner":2,"minecraft:apple":2,"minecraft:iron_ingot":5,"mowziesmobs:umvuthana_mask_misery":2,"minecraft:iron_sword":1,"minecraft:acacia_sapling":2,"minecraft:scaffolding":4,"minecraft:smooth_basalt":2,"born_in_chaos_v1:ethereal_spirit":2,"minecraft:dandelion":3,"minecraft:dripstone_block":4,"minecraft:gravel":18,"born_in_chaos_v1:dark_rod":1,"minecraft:amethyst_shard":4,"minecraft:blast_furnace":4,"minecraft:white_bed":3,"minecraft:spider_eye":4,"minecraft:slime_ball":5,"mowziesmobs:umvuthana_mask_fear":2,"tombstone:magic_scroll":1,"minecraft:coal":93,"minecraft:ender_pearl":1}},"DataVersion":3465}