{"stats":{"minecraft:custom":{"minecraft:time_since_rest":8575,"minecraft:interact_with_furnace":6,"minecraft:sprint_one_cm":64205,"minecraft:damage_taken":550,"minecraft:walk_one_cm":43082,"minecraft:mob_kills":11,"minecraft:drop":19,"minecraft:damage_dealt":1333,"minecraft:swim_one_cm":1030,"minecraft:interact_with_crafting_table":8,"minecraft:fly_one_cm":71008,"minecraft:crouch_one_cm":479,"minecraft:play_time":48711,"minecraft:deaths":1,"minecraft:sneak_time":330,"minecraft:walk_under_water_one_cm":1270,"minecraft:jump":448,"minecraft:damage_dealt_resisted":8,"minecraft:leave_game":2,"minecraft:time_since_death":27857,"minecraft:walk_on_water_one_cm":1668,"minecraft:sleep_in_bed":2,"minecraft:total_world_time":48711,"minecraft:fall_one_cm":10542},"minecraft:used":{"minecraft:cooked_mutton":3,"minecraft:wooden_axe":16,"minecraft:stone_pickaxe":50,"minecraft:wooden_pickaxe":19,"vanillaplustools:stone_hammer":11,"minecraft:cooked_chicken":2,"minecraft:stone_axe":27,"minecraft:dirt":1,"minecraft:crafting_table":2,"minecraft:furnace":1,"minecraft:white_bed":2,"tombstone:gift":2,"alexsmobs:animal_dictionary":2,"minecraft:granite":2},"minecraft:killed":{"minecraft:sheep":3,"minecraft:horse":1,"endermanoverhaul:cave_enderman":1,"minecraft:chicken":2,"minecraft:cow":4},"minecraft:crafted":{"vanillaplustools:stone_hammer":1,"minecraft:crafting_table":1,"minecraft:stick":32,"minecraft:cooked_chicken":2,"minecraft:wooden_pickaxe":1,"minecraft:stone_pickaxe":10,"minecraft:wooden_axe":1,"minecraft:furnace":1,"minecraft:white_bed":1,"minecraft:acacia_planks":52,"minecraft:stone_axe":1,"minecraft:cooked_mutton":3,"minecraft:air":0},"minecraft:picked_up":{"minecraft:stone":1,"minecraft:raw_iron":3,"minecraft:crafting_table":1,"minecraft:feather":1,"minecraft:chicken":2,"minecraft:leather":4,"minecraft:acacia_log":13,"minecraft:white_bed":1,"minecraft:raw_copper":7,"minecraft:dirt":9,"minecraft:wheat_seeds":5,"minecraft:beef":8,"minecraft:granite":5,"minecraft:mutton":5,"minecraft:coal":22,"minecraft:cobblestone":136,"minecraft:white_wool":3,"minecraft:egg":2},"minecraft:dropped":{"minecraft:dirt":8,"minecraft:stone":1,"minecraft:wheat_seeds":5,"minecraft:wooden_axe":1,"minecraft:feather":1,"minecraft:granite":3,"minecraft:wooden_pickaxe":1,"minecraft:egg":1},"minecraft:mined":{"minecraft:white_bed":1,"minecraft:crafting_table":1,"minecraft:granite":5,"minecraft:grass":10,"minecraft:acacia_log":13,"minecraft:grass_block":4,"minecraft:coal_ore":19,"minecraft:dirt":1,"minecraft:copper_ore":2,"minecraft:tall_grass":1,"minecraft:stone":136},"minecraft:killed_by":{"born_in_chaos_v1:spirit_guide":1}},"DataVersion":3465}