{"stats":{"minecraft:crafted":{"minecraft:oak_planks":4,"vanillaplustools:stone_hammer":2,"minecraft:cooked_chicken":2,"minecraft:furnace":3,"minecraft:cooked_mutton":5,"quark:acacia_chest":1,"sophisticatedbackpacks:copper_backpack":1,"minecraft:stone_pickaxe":20,"sophisticatedbackpacks:iron_backpack":1,"sophisticatedbackpacks:backpack":1,"minecraft:crafting_table":2,"minecraft:wooden_pickaxe":1,"minecraft:copper_ingot":9,"minecraft:stone_axe":1,"minecraft:air":0,"minecraft:jungle_planks":24,"minecraft:string":4,"minecraft:stick":52,"minecraft:iron_ingot":6,"minecraft:wooden_axe":1,"minecraft:stone_sword":1,"minecraft:white_bed":1,"minecraft:acacia_planks":64},"minecraft:used":{"alexsmobs:emu_egg":1,"minecraft:stone_sword":7,"vanillaplustools:stone_hammer":47,"minecraft:cooked_chicken":2,"minecraft:dirt":1,"minecraft:jungle_planks":12,"minecraft:spruce_stairs":1,"minecraft:granite":2,"minecraft:wooden_axe":16,"minecraft:lantern":1,"minecraft:iron_axe":80,"minecraft:item_frame":1,"minecraft:brown_carpet":4,"minecraft:furnace":3,"tombstone:gift":4,"minecraft:egg":1,"minecraft:cooked_beef":5,"minecraft:acacia_planks":5,"minecraft:cooked_mutton":5,"minecraft:stone_pickaxe":127,"minecraft:cartography_table":1,"minecraft:leather_chestplate":1,"minecraft:wooden_pickaxe":19,"minecraft:yellow_terracotta":1,"minecraft:crafting_table":8,"quark:acacia_chest":4,"minecraft:white_bed":3,"minecraft:apple":2,"minecraft:bread":5,"minecraft:iron_pickaxe":13,"minecraft:spruce_trapdoor":1,"minecraft:stone_axe":98,"minecraft:cobblestone":24,"minecraft:smithing_table":1,"minecraft:yellow_bed":1,"alexsmobs:animal_dictionary":2,"minecraft:experience_bottle":1},"minecraft:killed_by":{"born_in_chaos_v1:spirit_guide":1,"undead_revamp2:bomber":1},"minecraft:killed":{"minecraft:spider":1,"minecraft:horse":10,"minecraft:chicken":2,"mowziesmobs:umvuthana_follower_raptor":3,"minecraft:sheep":3,"endermanoverhaul:cave_enderman":2,"minecraft:cow":4},"minecraft:picked_up":{"minecraft:crafting_table":6,"minecraft:wheat":80,"minecraft:azure_bluet":1,"minecraft:chicken":2,"minecraft:yellow_wool":1,"minecraft:lead":2,"minecraft:smithing_table":1,"artifacts:umbrella":1,"minecraft:wooden_pickaxe":1,"minecraft:iron_axe":1,"minecraft:string":4,"minecraft:raw_copper":45,"minecraft:item_frame":4,"minecraft:compass":2,"minecraft:experience_bottle":2,"minecraft:cartography_table":1,"minecraft:beef":8,"minecraft:iron_pickaxe":1,"minecraft:spruce_trapdoor":12,"minecraft:egg":2,"minecraft:furnace":1,"minecraft:raw_iron":12,"minecraft:stone":2,"minecraft:acacia_log":20,"minecraft:spruce_stairs":11,"minecraft:brown_carpet":4,"minecraft:rotten_flesh":1,"quark:acacia_chest":4,"minecraft:yellow_terracotta":1,"alexsmobs:emu_egg":1,"supplementaries:ash":5,"minecraft:mutton":5,"minecraft:white_wool":3,"minecraft:cobblestone":490,"luminousworld:savannah_ground":2,"minecraft:feather":3,"minecraft:cooked_beef":8,"minecraft:jungle_log":6,"minecraft:andesite":4,"minecraft:leather":15,"minecraft:oak_log":1,"minecraft:yellow_bed":1,"minecraft:cobblestone_stairs":2,"minecraft:dirt":12,"minecraft:paper":5,"minecraft:lantern":3,"minecraft:red_carpet":1,"minecraft:acacia_planks":5,"minecraft:apple":2,"minecraft:wheat_seeds":221,"minecraft:iron_ingot":3,"luminousworld:elephant_grass":2,"minecraft:scaffolding":4,"minecraft:dandelion":1,"minecraft:white_bed":3,"minecraft:spider_eye":1,"minecraft:granite":5,"minecraft:spruce_sign":16,"minecraft:bread":82,"minecraft:emerald":1,"mowziesmobs:umvuthana_mask_fear":1,"minecraft:oak_sapling":1,"iceandfire:raw_silver":1,"minecraft:coal":55,"minecraft:ender_pearl":1},"minecraft:dropped":{"minecraft:wheat_seeds":168,"minecraft:cooked_beef":3,"minecraft:feather":3,"minecraft:lantern":1,"minecraft:leather":4,"minecraft:granite":3,"minecraft:acacia_log":2,"minecraft:red_carpet":1,"minecraft:dirt":11,"minecraft:wooden_axe":1,"luminousworld:savannah_ground":2,"minecraft:iron_pickaxe":1,"minecraft:acacia_planks":21,"minecraft:dandelion":1,"minecraft:stone_axe":1,"minecraft:stone_sword":1,"minecraft:wheat":29,"minecraft:oak_planks":4,"minecraft:azure_bluet":1,"supplementaries:ash":4,"minecraft:stone":2,"artifacts:umbrella":1,"minecraft:andesite":4,"minecraft:oak_sapling":1,"vanillaplustools:stone_hammer":1,"minecraft:spider_eye":1,"luminousworld:elephant_grass":2,"minecraft:wooden_pickaxe":2,"minecraft:stone_pickaxe":1,"minecraft:egg":1},"minecraft:custom":{"minecraft:mob_kills":26,"minecraft:interact_with_crafting_table":31,"minecraft:bell_ring":1,"minecraft:damage_dealt_resisted":39,"minecraft:eat_cake_slice":3,"minecraft:leave_game":4,"minecraft:time_since_death":60413,"minecraft:sprint_one_cm":334299,"minecraft:walk_one_cm":206263,"minecraft:drop":83,"minecraft:play_time":162436,"minecraft:deaths":2,"minecraft:sneak_time":857,"minecraft:walk_under_water_one_cm":4088,"minecraft:jump":1955,"minecraft:walk_on_water_one_cm":8488,"minecraft:total_world_time":162436,"minecraft:interact_with_furnace":18,"minecraft:sleep_in_bed":9,"minecraft:time_since_rest":9242,"minecraft:damage_taken":1380,"minecraft:damage_dealt":4584,"minecraft:swim_one_cm":10161,"minecraft:fly_one_cm":352770,"minecraft:open_chest":35,"minecraft:crouch_one_cm":997,"minecraft:fall_one_cm":48203,"minecraft:inspect_dispenser":1},"minecraft:mined":{"minecraft:yellow_terracotta":1,"minecraft:white_bed":3,"iceandfire:silver_ore":1,"minecraft:cobblestone_stairs":2,"minecraft:jungle_leaves":1,"minecraft:spruce_trapdoor":6,"minecraft:granite":5,"minecraft:acacia_log":20,"minecraft:grass_block":6,"minecraft:jungle_log":7,"quark:acacia_chest":4,"minecraft:cartography_table":1,"luminousworld:savanna_grass_2":1,"minecraft:furnace":1,"minecraft:fire":18,"minecraft:andesite":4,"minecraft:azure_bluet":1,"minecraft:vine":1,"minecraft:lantern":1,"minecraft:stone":497,"minecraft:smithing_table":1,"minecraft:acacia_leaves":1,"minecraft:scaffolding":4,"minecraft:glass_pane":4,"minecraft:brown_carpet":1,"minecraft:crafting_table":6,"minecraft:torch":1,"luminousworld:savannah_grass_1":1,"minecraft:spruce_wall_sign":1,"minecraft:tall_grass":1,"minecraft:copper_ore":12,"minecraft:wall_torch":1,"minecraft:spruce_stairs":7,"minecraft:yellow_wool":1,"minecraft:wheat":29,"minecraft:lilac":1,"minecraft:yellow_bed":1,"minecraft:grass":33,"minecraft:oak_log":1,"minecraft:coal_ore":32,"minecraft:dirt":1,"minecraft:cobweb":1,"minecraft:acacia_planks":5,"luminousworld:elephant_grass":2,"minecraft:oak_leaves":3}},"DataVersion":3465}