{"stats":{"minecraft:custom":{"minecraft:open_chest":1,"minecraft:time_since_rest":1514,"minecraft:waystone_activated":1,"minecraft:crouch_one_cm":334,"minecraft:play_time":15604,"minecraft:sprint_one_cm":24224,"minecraft:damage_taken":320,"minecraft:walk_one_cm":14727,"minecraft:sneak_time":150,"vampirism:interact_with_totem":7,"minecraft:drop":1,"minecraft:jump":79,"minecraft:damage_dealt":68,"minecraft:time_since_death":1894,"minecraft:sleep_in_bed":1,"minecraft:total_world_time":15604,"minecraft:interact_with_crafting_table":1,"minecraft:fall_one_cm":1312,"minecraft:fly_one_cm":20758,"minecraft:deaths":1},"minecraft:picked_up":{"minecraft:birch_log":3,"minecraft:crafting_table":1,"minecraft:wheat_seeds":1,"minecraft:hay_block":12,"minecraft:white_bed":1,"minecraft:yellow_bed":1,"minecraft:dark_oak_log":4},"minecraft:used":{"minecraft:wooden_axe":13,"minecraft:crafting_table":1,"minecraft:bread":2,"minecraft:white_bed":1},"minecraft:crafted":{"minecraft:dark_oak_planks":16,"minecraft:birch_planks":12,"minecraft:crafting_table":1,"minecraft:stick":4,"minecraft:wooden_pickaxe":1,"minecraft:wheat":108,"minecraft:wooden_axe":1},"minecraft:killed_by":{"alexsmobs:crocodile":1},"minecraft:dropped":{"minecraft:wheat_seeds":1},"minecraft:mined":{"minecraft:grass":7,"minecraft:hay_block":12,"minecraft:oak_log":1,"minecraft:white_bed":1,"minecraft:birch_log":3,"minecraft:dark_oak_log":4,"minecraft:crafting_table":1,"minecraft:yellow_bed":1}},"DataVersion":3465}