{"stats":{"minecraft:custom":{"minecraft:mob_kills":5,"minecraft:animals_bred":3,"minecraft:interact_with_cartography_table":2,"vampirism:interact_with_research_table":1,"minecraft:interact_with_crafting_table":13,"minecraft:open_barrel":17,"minecraft:time_since_death":52092,"minecraft:sleep_in_bed":6,"minecraft:climb_one_cm":4823,"minecraft:time_since_rest":3871,"minecraft:waystone_activated":1,"minecraft:sprint_one_cm":170907,"minecraft:damage_taken":784,"minecraft:walk_one_cm":94153,"vampirism:interact_with_totem":7,"minecraft:drop":25,"minecraft:damage_dealt":671,"minecraft:swim_one_cm":14522,"minecraft:fly_one_cm":151586,"minecraft:open_chest":16,"minecraft:crouch_one_cm":1292,"minecraft:play_time":75604,"minecraft:deaths":2,"minecraft:sneak_time":570,"minecraft:walk_under_water_one_cm":906,"minecraft:jump":620,"minecraft:walk_on_water_one_cm":7766,"minecraft:total_world_time":75604,"minecraft:fall_one_cm":13091},"minecraft:killed":{"minecraft:cow":5},"minecraft:picked_up":{"minecraft:birch_log":3,"minecraft:crafting_table":6,"minecraft:wheat":3,"vampirism:dark_spruce_log":1,"minecraft:leather":4,"minecraft:cobblestone_wall":1,"minecraft:blue_bed":1,"minecraft:oak_log":12,"evilcraft:flesh_humanoid":2,"minecraft:brewing_stand":1,"minecraft:yellow_bed":4,"relics:midnight_robe":1,"minecraft:cornflower":2,"minecraft:string":12,"minecraft:raw_copper":28,"minecraft:wheat_seeds":3,"minecraft:cartography_table":1,"minecraft:beef":9,"dynamictrees:oak_seed":8,"minecraft:poppy":3,"minecraft:spruce_slab":2,"minecraft:raw_iron":5,"minecraft:stick":24,"vampirism:ring":1,"minecraft:dandelion":1,"vampirism:crucifix_normal":1,"sophisticatedbackpacks:backpack":1,"minecraft:white_bed":1,"minecraft:spruce_log":3,"minecraft:dark_oak_log":6,"minecraft:light_gray_banner":1,"vampirism:hunter_table":1,"minecraft:hay_block":15,"minecraft:blue_dye":2,"vampirism:vampire_orchid":1,"minecraft:coal":5,"minecraft:white_wool":12,"minecraft:cobblestone":17},"minecraft:used":{"minecraft:stone_sword":1,"minecraft:stone_pickaxe":34,"minecraft:blue_bed":1,"minecraft:oak_planks":11,"minecraft:wooden_pickaxe":7,"dynamictrees:oak_seed":1,"minecraft:crafting_table":8,"minecraft:carrot":2,"minecraft:white_bed":1,"minecraft:wooden_axe":35,"minecraft:bread":6,"minecraft:stone_axe":6,"minecraft:wooden_sword":30,"tombstone:gift":1,"minecraft:yellow_bed":4},"minecraft:crafted":{"minecraft:red_dye":3,"minecraft:wooden_sword":1,"minecraft:oak_planks":20,"sophisticatedbackpacks:backpack":3,"minecraft:crafting_table":2,"minecraft:spruce_planks":8,"minecraft:wooden_pickaxe":1,"minecraft:birch_planks":12,"minecraft:stone_axe":1,"minecraft:bread":42,"minecraft:blue_dye":2,"vampirism:dark_spruce_planks":4,"minecraft:yellow_dye":1,"minecraft:stick":8,"minecraft:iron_ingot":2,"minecraft:stone_pickaxe":1,"minecraft:wooden_axe":1,"minecraft:gold_ingot":9,"minecraft:stone_sword":1,"minecraft:chest":1,"minecraft:dark_oak_planks":24,"minecraft:wheat":135},"minecraft:killed_by":{"alexsmobs:crocodile":1,"alexsmobs:bison":1},"minecraft:dropped":{"minecraft:wheat_seeds":3,"minecraft:wheat":5,"vampirism:vampire_orchid":1,"relics:midnight_robe":1,"sophisticatedbackpacks:backpack":1,"evilcraft:flesh_humanoid":3,"minecraft:stick":1,"minecraft:blue_dye":2,"minecraft:yellow_dye":1,"minecraft:wooden_axe":1,"minecraft:wooden_sword":1,"minecraft:spruce_slab":2,"minecraft:red_dye":2,"minecraft:wooden_pickaxe":1,"vampirism:ring":1,"minecraft:white_wool":1},"minecraft:mined":{"minecraft:white_bed":1,"minecraft:dark_oak_log":6,"minecraft:dandelion":1,"minecraft:brewing_stand":1,"minecraft:crafting_table":6,"minecraft:cornflower":2,"minecraft:light_gray_wall_banner":1,"minecraft:poppy":3,"vampirism:dark_spruce_log":1,"vampirism:vampire_orchid":1,"minecraft:copper_ore":8,"minecraft:cobblestone":9,"minecraft:cartography_table":1,"vampirism:hunter_table":1,"minecraft:blue_bed":1,"minecraft:hay_block":15,"dynamictrees:oak_leaves":2,"minecraft:cobblestone_wall":1,"minecraft:iron_ore":5,"minecraft:birch_log":3,"vampirism:dark_spruce_leaves":1,"minecraft:sweet_berry_bush":1,"minecraft:spruce_log":3,"minecraft:yellow_bed":4,"minecraft:grass":15,"minecraft:coal_ore":5,"minecraft:oak_log":6,"minecraft:cobweb":12,"minecraft:stone":8,"minecraft:white_wool":12,"minecraft:spruce_slab":2}},"DataVersion":3465}