{"stats":{"minecraft:killed_by":{"vampirism:advanced_vampire":1,"minecraft:enderman":1,"alexsmobs:bison":1,"alexsmobs:crocodile":1,"vampirism:vampire":3},"minecraft:dropped":{"minecraft:porkchop":1,"minecraft:wheat_seeds":3,"minecraft:glow_ink_sac":5,"minecraft:mossy_cobblestone":23,"minecraft:crossbow":1,"minecraft:cobblestone":50,"minecraft:lantern":3,"relics:midnight_robe":1,"minecraft:granite":1,"minecraft:cracked_stone_bricks":5,"minecraft:spruce_door":1,"minecraft:spruce_stairs":7,"minecraft:leather_helmet":1,"iceandfire:graveyard_soil":4,"minecraft:stick":2,"minecraft:spruce_fence_gate":1,"minecraft:dirt":2,"minecraft:blue_dye":2,"minecraft:yellow_dye":1,"minecraft:wooden_axe":1,"biomesoplenty:yellow_autumn_leaves":3,"tombstone:grave_dust":2,"minecraft:chain":6,"minecraft:wooden_sword":1,"minecraft:gold_nugget":6,"minecraft:pumpkin":3,"iceandfire:ash":4,"minecraft:red_dye":2,"vampirism:ring":1,"minecraft:tripwire_hook":1,"minecraft:white_wool":1,"minecraft:bone":4,"minecraft:iron_nugget":20,"minecraft:coarse_dirt":2,"minecraft:stone_sword":1,"minecraft:cobblestone_wall":1,"minecraft:wheat":24,"vampirism:vampire_orchid":1,"minecraft:raw_iron":1,"minecraft:rotten_flesh":3,"sophisticatedbackpacks:backpack":1,"minecraft:spruce_fence":1,"minecraft:shears":1,"evilcraft:flesh_humanoid":5,"minecraft:carrot":1,"justhammers:stone_hammer":5,"minecraft:potato":2,"iceandfire:ghost_chest":1,"minecraft:gunpowder":2,"minecraft:spruce_trapdoor":3,"minecraft:spruce_planks":3,"minecraft:andesite":7,"minecraft:leather_leggings":2,"minecraft:stone_bricks":7,"minecraft:spruce_slab":2,"minecraft:stone_pickaxe":1,"minecraft:beef":10,"minecraft:wooden_pickaxe":1},"minecraft:broken":{"minecraft:iron_sword":1},"minecraft:picked_up":{"minecraft:charcoal":2,"minecraft:coarse_dirt":10,"minecraft:crafting_table":15,"minecraft:wheat":3,"vampirism:dark_spruce_log":1,"minecraft:leather_leggings":1,"minecraft:chain":6,"minecraft:brewing_stand":1,"minecraft:cornflower":2,"iceandfire:manuscript":4,"minecraft:string":52,"minecraft:raw_copper":54,"biomesoplenty:yellow_autumn_leaves":3,"iceandfire:graveyard_soil":4,"minecraft:cracked_stone_bricks":9,"minecraft:cartography_table":1,"minecraft:gold_nugget":715,"minecraft:spruce_planks":3,"minecraft:beef":33,"dynamictrees:oak_seed":13,"minecraft:poppy":4,"minecraft:spruce_slab":6,"minecraft:spruce_trapdoor":3,"minecraft:furnace":6,"minecraft:raw_iron":208,"minecraft:stick":31,"iceandfire:ghost_chest":1,"minecraft:torch":3,"minecraft:spruce_stairs":11,"minecraft:spruce_fence":1,"sophisticatedbackpacks:backpack":1,"tombstone:grave_dust":3,"vampirism:vampire_fang":1,"minecraft:light_gray_banner":1,"minecraft:dark_oak_planks":6,"vampirism:hunter_table":1,"iceandfire:silver_ingot":2,"vampirism:blood_bottle":1,"minecraft:arrow":1,"minecraft:rotten_flesh":3,"minecraft:shears":1,"minecraft:hay_block":17,"minecraft:blue_dye":2,"minecraft:gold_ingot":2,"minecraft:iron_bars":1,"minecraft:cobblestone":1343,"minecraft:rail":89,"minecraft:white_wool":12,"minecraft:birch_log":3,"minecraft:glow_ink_sac":5,"minecraft:tripwire_hook":1,"minecraft:andesite":19,"minecraft:leather":18,"alexsmobs:skreecher_soul":1,"minecraft:oak_log":19,"evilcraft:flesh_humanoid":3,"iceandfire:ectoplasm":4,"minecraft:yellow_bed":4,"minecraft:cobblestone_wall":1,"minecraft:gunpowder":2,"minecraft:dirt":6,"relics:midnight_robe":1,"minecraft:lapis_lazuli":29,"minecraft:blue_bed":11,"minecraft:lantern":3,"minecraft:white_banner":1,"minecraft:bone":5,"minecraft:stone_bricks":23,"minecraft:wheat_seeds":4,"minecraft:iron_ingot":1,"minecraft:cobweb":7,"minecraft:mossy_stone_bricks":9,"minecraft:gray_bed":1,"minecraft:polished_andesite_slab":1,"minecraft:polished_andesite_stairs":2,"minecraft:pumpkin":3,"iceandfire:ash":4,"vampirism:ring":1,"minecraft:dandelion":2,"vampirism:crucifix_normal":1,"justhammers:stone_hammer":2,"minecraft:white_bed":1,"minecraft:spruce_log":3,"minecraft:spider_eye":1,"minecraft:dark_oak_log":6,"minecraft:spruce_door":1,"minecraft:mossy_cobblestone":30,"minecraft:polished_andesite":9,"minecraft:spruce_fence_gate":1,"waystones:waystone":1,"evilcraft:dark_gem":15,"minecraft:crossbow":1,"minecraft:granite":38,"minecraft:emerald":11,"minecraft:blue_banner":2,"vampirism:vampire_orchid":1,"minecraft:coal":74,"iceandfire:raw_silver":6,"minecraft:ender_pearl":1},"minecraft:used":{"minecraft:stone_sword":157,"minecraft:iron_bars":1,"minecraft:spruce_slab":4,"minecraft:shield":5,"minecraft:iron_sword":171,"vampirism:hunter_axe_enhanced":4,"minecraft:wooden_shovel":4,"dynamictrees:oak_seed":1,"minecraft:torch":60,"minecraft:dirt":4,"minecraft:carrot":2,"minecraft:spruce_stairs":4,"minecraft:granite":37,"minecraft:wooden_axe":35,"vampirism:dark_spruce_planks":2,"minecraft:furnace":6,"tombstone:gift":4,"minecraft:iron_leggings":1,"minecraft:water_bucket":6,"minecraft:oak_planks":11,"minecraft:stone_pickaxe":117,"minecraft:blue_bed":11,"minecraft:wooden_pickaxe":7,"minecraft:mossy_cobblestone":7,"minecraft:crafting_table":18,"minecraft:white_bed":1,"minecraft:shears":4,"waystones:waystone":1,"minecraft:iron_pickaxe":227,"minecraft:bread":41,"minecraft:stone_axe":47,"justhammers:stone_hammer":218,"minecraft:wooden_sword":30,"minecraft:cobblestone":218,"minecraft:andesite":5,"minecraft:bucket":7,"minecraft:yellow_bed":4,"minecraft:coarse_dirt":2,"minecraft:cobweb":9},"minecraft:mined":{"minecraft:white_bed":1,"minecraft:spruce_planks":3,"iceandfire:graveyard_soil":3,"iceandfire:silver_ore":1,"minecraft:dark_oak_leaves":1,"minecraft:sculk_vein":2,"minecraft:dark_oak_log":6,"minecraft:brewing_stand":1,"minecraft:spruce_trapdoor":3,"minecraft:granite":1,"minecraft:spruce_fence":1,"minecraft:grass_block":3,"vampirism:dark_spruce_log":1,"vampirism:vampire_orchid":1,"minecraft:polished_andesite_slab":1,"vampirism:hunter_table":1,"minecraft:cartography_table":1,"minecraft:hay_block":17,"dynamictrees:oak_leaves":2,"minecraft:furnace":6,"minecraft:iron_ore":66,"minecraft:pumpkin":3,"evilcraft:dark_ore":3,"iceandfire:gold_pile":73,"minecraft:vine":63,"minecraft:rail":89,"minecraft:iron_bars":1,"minecraft:lantern":1,"minecraft:stone":27,"minecraft:white_wool":12,"minecraft:spruce_slab":5,"minecraft:blue_wall_banner":2,"minecraft:dandelion":2,"minecraft:cornflower":2,"minecraft:crafting_table":15,"minecraft:torch":2,"minecraft:emerald_ore":11,"minecraft:light_gray_wall_banner":1,"minecraft:poppy":4,"minecraft:polished_andesite_stairs":2,"iceandfire:ghost_chest":1,"minecraft:sculk_sensor":2,"minecraft:campfire":1,"minecraft:copper_ore":8,"minecraft:tall_grass":6,"minecraft:cobblestone":11,"biomesoplenty:sprout":1,"minecraft:blue_bed":11,"minecraft:spruce_stairs":11,"minecraft:coarse_dirt":10,"vampirism:dark_spruce_leaves":3,"minecraft:sweet_berry_bush":1,"minecraft:cobblestone_wall":1,"minecraft:birch_log":3,"biomesoplenty:yellow_autumn_leaves":4,"minecraft:gray_bed":1,"minecraft:spruce_log":3,"iceandfire:ash":4,"minecraft:yellow_bed":4,"minecraft:grass":43,"minecraft:coal_ore":5,"minecraft:oak_log":6,"minecraft:dirt":5,"minecraft:cobweb":52,"minecraft:cracked_stone_bricks":9,"minecraft:tripwire_hook":1,"minecraft:spruce_fence_gate":1,"minecraft:stone_bricks":23,"minecraft:polished_andesite":10,"minecraft:mossy_stone_bricks":10},"minecraft:custom":{"minecraft:interact_with_smithing_table":2,"minecraft:mob_kills":44,"minecraft:animals_bred":4,"minecraft:interact_with_crafting_table":54,"minecraft:open_barrel":24,"minecraft:damage_dealt_resisted":440,"minecraft:eat_cake_slice":7,"minecraft:leave_game":11,"minecraft:time_since_death":66678,"minecraft:climb_one_cm":10011,"minecraft:sprint_one_cm":542443,"minecraft:walk_one_cm":403291,"minecraft:damage_blocked_by_shield":200,"minecraft:drop":185,"vampirism:interact_with_totem":10,"minecraft:play_time":304117,"minecraft:sneak_time":5917,"minecraft:deaths":7,"minecraft:walk_under_water_one_cm":6237,"minecraft:jump":2909,"minecraft:walk_on_water_one_cm":14246,"minecraft:total_world_time":304117,"minecraft:interact_with_furnace":33,"tombstone:raider_killed":3,"vampirism:interact_with_research_table":1,"minecraft:interact_with_cartography_table":3,"minecraft:sleep_in_bed":16,"minecraft:waystone_activated":3,"minecraft:time_since_rest":46039,"minecraft:damage_taken":3380,"minecraft:damage_dealt":8542,"minecraft:trigger_trapped_chest":2,"minecraft:crouch_one_cm":14391,"minecraft:swim_one_cm":30464,"minecraft:fly_one_cm":569558,"tombstone:undead_killed":9,"minecraft:open_chest":50,"minecraft:interact_with_smoker":3,"minecraft:fall_one_cm":58435},"minecraft:killed":{"vampirism:vampire":2,"vampirism:advanced_vampire":1,"minecraft:spider":1,"minecraft:horse":1,"minecraft:skeleton":4,"vampirism:blinding_bat":1,"minecraft:silverfish":1,"alexsmobs:skreecher":1,"minecraft:creeper":1,"minecraft:pillager":3,"minecraft:goat":3,"minecraft:zombie":3,"iceandfire:ghost":2,"minecraft:enderman":1,"minecraft:cow":17},"minecraft:crafted":{"minecraft:wooden_sword":1,"minecraft:oak_planks":48,"minecraft:furnace":1,"minecraft:stone":30,"paraglider:deku_leaf":3,"minecraft:bow":1,"sophisticatedbackpacks:copper_backpack":2,"minecraft:stone_pickaxe":2,"minecraft:chest":2,"minecraft:dark_oak_planks":24,"sophisticatedbackpacks:iron_backpack":3,"minecraft:wheat":153,"minecraft:coal_block":1,"paraglider:paraglider":1,"minecraft:red_dye":4,"minecraft:wooden_shovel":1,"sophisticatedbackpacks:backpack":4,"iceandfire:silver_ingot":1,"minecraft:crafting_table":5,"minecraft:spruce_planks":12,"minecraft:wooden_pickaxe":1,"minecraft:iron_helmet":1,"minecraft:copper_ingot":22,"minecraft:bucket":1,"minecraft:birch_planks":12,"minecraft:stone_axe":1,"minecraft:bread":42,"minecraft:air":0,"minecraft:blue_dye":2,"minecraft:iron_chestplate":1,"vampirism:dark_spruce_planks":4,"justhammers:stone_hammer":4,"minecraft:yellow_dye":2,"minecraft:golden_apple":2,"minecraft:shield":1,"minecraft:stick":12,"minecraft:iron_ingot":30,"minecraft:iron_pickaxe":1,"minecraft:wooden_axe":1,"minecraft:stone_sword":2,"minecraft:iron_leggings":1,"minecraft:gold_ingot":124,"minecraft:torch":60,"minecraft:shears":1}},"DataVersion":3465}