{"stats":{"minecraft:used":{"minecraft:spruce_slab":4,"minecraft:shield":7,"minecraft:iron_sword":285,"vampirism:hunter_axe_enhanced":4,"paraglider:goddess_statue":2,"minecraft:carrot":2,"minecraft:stone_brick_stairs":1,"minecraft:stone_bricks":5,"vampirism:dark_spruce_planks":2,"minecraft:bow":8,"minecraft:furnace":7,"minecraft:gray_bed":10,"minecraft:mossy_stone_bricks":4,"minecraft:stone_pickaxe":118,"minecraft:oak_planks":11,"minecraft:wooden_pickaxe":7,"minecraft:mossy_stone_brick_stairs":1,"minecraft:blue_bed":11,"minecraft:golden_apple":1,"minecraft:shears":4,"waystones:waystone":1,"minecraft:bread":57,"minecraft:wooden_sword":30,"minecraft:andesite":5,"minecraft:coarse_dirt":2,"minecraft:cobweb":9,"minecraft:iron_bars":1,"minecraft:stone_sword":199,"dynamictrees:oak_seed":1,"minecraft:wooden_shovel":4,"minecraft:torch":60,"minecraft:dirt":11,"minecraft:spruce_stairs":4,"minecraft:granite":37,"minecraft:wooden_axe":35,"tombstone:gift":5,"minecraft:iron_leggings":1,"minecraft:water_bucket":18,"minecraft:andesite_slab":17,"minecraft:cracked_stone_bricks":1,"minecraft:mossy_cobblestone":7,"minecraft:crafting_table":22,"minecraft:white_bed":1,"minecraft:iron_pickaxe":279,"justhammers:stone_hammer":218,"minecraft:stone_axe":60,"minecraft:cobblestone":218,"minecraft:bucket":19,"minecraft:yellow_bed":4},"minecraft:killed":{"vampirism:vampire":3,"vampirism:advanced_vampire":1,"minecraft:spider":1,"vampirism:blinding_bat":1,"minecraft:skeleton":7,"minecraft:silverfish":1,"minecraft:creeper":1,"minecraft:pillager":5,"minecraft:goat":3,"minecraft:zombie":8,"minecraft:cow":23,"minecraft:horse":1,"alexsmobs:skreecher":1,"iceandfire:ghost":4,"minecraft:enderman":1},"minecraft:dropped":{"minecraft:porkchop":1,"minecraft:glow_ink_sac":5,"minecraft:crossbow":1,"minecraft:lantern":3,"minecraft:cracked_stone_bricks":9,"minecraft:leather_helmet":1,"iceandfire:graveyard_soil":4,"minecraft:dirt":2,"minecraft:yellow_dye":1,"biomesoplenty:yellow_autumn_leaves":3,"minecraft:chain":6,"minecraft:gold_nugget":6,"minecraft:wooden_sword":1,"iceandfire:ash":4,"minecraft:iron_pickaxe":1,"minecraft:white_wool":1,"minecraft:bone":7,"minecraft:iron_nugget":20,"minecraft:polished_andesite_slab":1,"vampirism:vampire_orchid":1,"minecraft:wheat":24,"minecraft:rotten_flesh":8,"minecraft:light_gray_carpet":1,"evilcraft:flesh_humanoid":7,"minecraft:carrot":1,"justhammers:stone_hammer":5,"iceandfire:ghost_chest":1,"minecraft:gunpowder":2,"minecraft:leather_leggings":2,"minecraft:spruce_slab":2,"minecraft:beef":10,"minecraft:egg":1,"minecraft:wheat_seeds":6,"minecraft:lilac":1,"minecraft:mossy_cobblestone":23,"minecraft:cobblestone":50,"relics:midnight_robe":1,"minecraft:granite":1,"minecraft:spruce_door":1,"minecraft:spruce_stairs":7,"minecraft:stick":2,"minecraft:polished_andesite":9,"minecraft:spruce_fence_gate":1,"minecraft:blue_dye":2,"minecraft:wooden_axe":1,"tombstone:grave_dust":2,"minecraft:polished_andesite_stairs":2,"minecraft:pumpkin":3,"minecraft:red_dye":2,"vampirism:ring":1,"minecraft:tripwire_hook":1,"minecraft:stone_sword":1,"minecraft:coarse_dirt":8,"minecraft:cobblestone_wall":1,"minecraft:raw_iron":1,"sophisticatedbackpacks:backpack":1,"minecraft:spruce_fence":1,"minecraft:shears":1,"minecraft:potato":7,"minecraft:allium":2,"minecraft:spruce_trapdoor":3,"minecraft:spruce_planks":4,"minecraft:andesite":14,"minecraft:mossy_stone_bricks":9,"minecraft:stone_bricks":23,"minecraft:spider_eye":1,"minecraft:stone_pickaxe":1,"minecraft:wooden_pickaxe":1},"minecraft:crafted":{"minecraft:oak_planks":48,"minecraft:stone":30,"paraglider:deku_leaf":3,"minecraft:bow":1,"sophisticatedbackpacks:copper_backpack":2,"minecraft:chest":2,"minecraft:wooden_shovel":1,"sophisticatedbackpacks:backpack":4,"minecraft:crafting_table":6,"minecraft:spruce_planks":12,"minecraft:iron_helmet":2,"minecraft:wooden_pickaxe":1,"minecraft:copper_ingot":22,"minecraft:birch_planks":12,"vampirism:dark_spruce_planks":4,"minecraft:iron_chestplate":1,"minecraft:yellow_dye":2,"minecraft:shield":1,"minecraft:stick":12,"minecraft:iron_ingot":71,"minecraft:iron_pickaxe":2,"minecraft:stone_sword":2,"minecraft:gold_ingot":124,"minecraft:shears":1,"minecraft:wooden_sword":1,"minecraft:furnace":1,"minecraft:stone_pickaxe":2,"minecraft:dark_oak_planks":24,"minecraft:wheat":450,"sophisticatedbackpacks:iron_backpack":3,"minecraft:coal_block":2,"paraglider:paraglider":1,"minecraft:red_dye":4,"iceandfire:silver_ingot":1,"sophisticatedbackpacks:gold_backpack":2,"minecraft:bucket":1,"minecraft:stone_axe":1,"minecraft:bread":141,"minecraft:air":0,"minecraft:blue_dye":2,"minecraft:golden_apple":2,"justhammers:stone_hammer":4,"minecraft:andesite_slab":18,"minecraft:wooden_axe":1,"minecraft:iron_leggings":2,"minecraft:torch":60},"minecraft:picked_up":{"minecraft:wooden_axe":1,"minecraft:wheat":3,"minecraft:stone_brick_stairs":1,"minecraft:brewing_stand":1,"paraglider:goddess_statue":3,"iceandfire:manuscript":4,"minecraft:string":54,"minecraft:raw_copper":54,"biomesoplenty:yellow_autumn_leaves":3,"minecraft:gold_nugget":715,"minecraft:spruce_planks":3,"dynamictrees:oak_seed":13,"minecraft:furnace":7,"minecraft:stick":32,"iceandfire:ghost_chest":1,"minecraft:torch":3,"minecraft:spruce_stairs":11,"tombstone:grave_dust":4,"vampirism:vampire_fang":2,"minecraft:light_gray_banner":1,"vampirism:hunter_table":1,"vampirism:blood_bottle":1,"minecraft:rotten_flesh":8,"minecraft:blue_dye":2,"minecraft:iron_bars":1,"minecraft:cobblestone":1346,"minecraft:birch_log":3,"minecraft:lilac":1,"minecraft:andesite":32,"minecraft:potato":5,"paraglider:spirit_orb":6,"evilcraft:flesh_humanoid":4,"minecraft:lapis_lazuli":29,"minecraft:dirt":13,"minecraft:lantern":3,"minecraft:bone":8,"minecraft:chipped_anvil":1,"minecraft:bow":1,"minecraft:wheat_seeds":6,"minecraft:mossy_stone_bricks":15,"minecraft:mossy_stone_brick_stairs":1,"vampirism:ring":1,"vampirism:crucifix_normal":1,"minecraft:dark_oak_log":6,"minecraft:mossy_cobblestone":30,"minecraft:spruce_fence_gate":1,"minecraft:polished_andesite":9,"waystones:waystone":3,"minecraft:crossbow":1,"minecraft:granite":38,"minecraft:emerald":11,"minecraft:blue_banner":2,"minecraft:light_gray_carpet":1,"minecraft:andesite_slab":3,"iceandfire:raw_silver":6,"minecraft:charcoal":2,"minecraft:crafting_table":19,"minecraft:coarse_dirt":10,"minecraft:allium":2,"vampirism:dark_spruce_log":9,"minecraft:leather_leggings":1,"minecraft:chain":6,"minecraft:cornflower":2,"iceandfire:graveyard_soil":4,"minecraft:cracked_stone_bricks":12,"minecraft:cartography_table":1,"minecraft:beef":44,"minecraft:poppy":4,"minecraft:spruce_slab":6,"minecraft:spruce_trapdoor":3,"minecraft:egg":1,"minecraft:raw_iron":208,"sophisticatedbackpacks:backpack":1,"minecraft:spruce_fence":1,"minecraft:dark_oak_planks":6,"minecraft:arrow":7,"iceandfire:silver_ingot":2,"minecraft:shears":1,"minecraft:hay_block":50,"tombstone:essence_of_undeath":1,"minecraft:gold_ingot":2,"minecraft:white_wool":12,"minecraft:rail":89,"minecraft:tripwire_hook":1,"minecraft:glow_ink_sac":5,"minecraft:leather":24,"alexsmobs:skreecher_soul":1,"minecraft:oak_log":19,"iceandfire:ectoplasm":4,"minecraft:gunpowder":2,"minecraft:yellow_bed":4,"minecraft:cobblestone_wall":1,"relics:midnight_robe":1,"minecraft:blue_bed":11,"minecraft:white_banner":2,"minecraft:stone_bricks":34,"minecraft:iron_ingot":1,"minecraft:cobweb":7,"minecraft:gray_bed":11,"minecraft:polished_andesite_slab":1,"minecraft:polished_andesite_stairs":2,"minecraft:pumpkin":3,"iceandfire:ash":4,"minecraft:dandelion":2,"justhammers:stone_hammer":2,"minecraft:spruce_log":3,"minecraft:white_bed":1,"minecraft:spruce_door":1,"minecraft:spider_eye":1,"evilcraft:dark_gem":15,"tombstone:magic_scroll":1,"vampirism:vampire_orchid":1,"minecraft:coal":74,"minecraft:ender_pearl":1},"minecraft:custom":{"minecraft:animals_bred":4,"minecraft:interact_with_crafting_table":66,"minecraft:open_barrel":26,"minecraft:eat_cake_slice":7,"minecraft:leave_game":11,"minecraft:time_since_death":36870,"minecraft:sprint_one_cm":772250,"minecraft:damage_blocked_by_shield":310,"vampirism:interact_with_totem":10,"minecraft:drop":227,"minecraft:play_time":447114,"minecraft:deaths":24,"minecraft:jump":4265,"minecraft:walk_on_water_one_cm":33410,"minecraft:interact_with_furnace":39,"minecraft:interact_with_cartography_table":3,"vampirism:interact_with_research_table":1,"minecraft:sleep_in_bed":22,"minecraft:waystone_activated":3,"minecraft:damage_dealt":12868,"minecraft:crouch_one_cm":15902,"tombstone:undead_killed":19,"minecraft:interact_with_smoker":3,"minecraft:interact_with_smithing_table":2,"minecraft:mob_kills":63,"minecraft:damage_dealt_resisted":440,"minecraft:climb_one_cm":16003,"minecraft:walk_one_cm":561434,"minecraft:sneak_time":6655,"minecraft:walk_under_water_one_cm":10208,"minecraft:total_world_time":447114,"tombstone:raider_killed":5,"minecraft:time_since_rest":3463,"minecraft:damage_taken":2147483647,"minecraft:trigger_trapped_chest":4,"minecraft:swim_one_cm":45749,"minecraft:fly_one_cm":910143,"minecraft:open_chest":68,"minecraft:fall_one_cm":88118},"minecraft:killed_by":{"vampirism:advanced_vampire":1,"alexsmobs:crocodile":1,"minecraft:zombie":2,"vampirism:vampire":4,"iceandfire:fire_dragon":10,"minecraft:enderman":1,"alexsmobs:bison":1,"iceandfire:gorgon":4},"minecraft:mined":{"minecraft:spruce_planks":3,"minecraft:white_bed":1,"iceandfire:graveyard_soil":3,"minecraft:sculk_vein":2,"minecraft:brewing_stand":1,"minecraft:spruce_trapdoor":3,"minecraft:granite":1,"minecraft:grass_block":7,"vampirism:dark_spruce_log":9,"vampirism:hunter_table":1,"minecraft:spawner":3,"minecraft:iron_ore":66,"minecraft:fire":20,"minecraft:pumpkin":3,"iceandfire:gold_pile":73,"minecraft:iron_bars":1,"minecraft:spruce_slab":5,"minecraft:blue_wall_banner":2,"minecraft:torch":2,"minecraft:poppy":4,"minecraft:polished_andesite_stairs":2,"iceandfire:ghost_chest":1,"minecraft:cobblestone":12,"minecraft:birch_log":3,"vampirism:dark_spruce_leaves":3,"minecraft:lilac":1,"minecraft:stone_brick_stairs":1,"minecraft:grass":49,"minecraft:oak_log":6,"minecraft:dirt":8,"minecraft:tripwire_hook":1,"iceandfire:silver_ore":1,"minecraft:dark_oak_leaves":1,"minecraft:dark_oak_log":6,"biomesoplenty:bush":3,"minecraft:spruce_fence":1,"vampirism:vampire_orchid":1,"minecraft:polished_andesite_slab":1,"minecraft:cartography_table":1,"minecraft:hay_block":50,"dynamictrees:oak_leaves":2,"minecraft:furnace":7,"minecraft:andesite":13,"evilcraft:dark_ore":3,"minecraft:mossy_stone_brick_stairs":1,"minecraft:vine":65,"minecraft:rail":89,"minecraft:lantern":1,"minecraft:stone":29,"minecraft:white_wool":12,"minecraft:light_gray_carpet":2,"minecraft:dandelion":2,"minecraft:crafting_table":19,"minecraft:cornflower":2,"minecraft:emerald_ore":11,"minecraft:light_gray_wall_banner":1,"minecraft:andesite_slab":2,"minecraft:sculk_sensor":2,"minecraft:campfire":1,"minecraft:tall_grass":9,"minecraft:copper_ore":8,"biomesoplenty:sprout":1,"minecraft:blue_bed":11,"minecraft:spruce_stairs":11,"minecraft:coarse_dirt":10,"minecraft:cobblestone_wall":2,"biomesoplenty:yellow_autumn_leaves":4,"minecraft:sweet_berry_bush":1,"minecraft:gray_bed":11,"minecraft:spruce_log":3,"vampirism:cursed_roots":2,"iceandfire:ash":4,"minecraft:yellow_bed":4,"minecraft:coal_ore":5,"minecraft:cobweb":53,"minecraft:cracked_stone_bricks":12,"minecraft:polished_andesite":10,"minecraft:spruce_fence_gate":1,"minecraft:stone_bricks":36,"minecraft:mossy_stone_bricks":16,"minecraft:chipped_anvil":1,"paraglider:goddess_statue":3},"minecraft:broken":{"minecraft:iron_boots":2,"minecraft:iron_chestplate":1,"minecraft:iron_leggings":2,"minecraft:iron_sword":1,"minecraft:stone_sword":1,"minecraft:iron_helmet":2}},"DataVersion":3465}