{"stats":{"minecraft:used":{"minecraft:crafting_table":1,"tombstone:gift":2,"alexsmobs:animal_dictionary":2},"minecraft:custom":{"minecraft:time_since_rest":3416,"minecraft:crouch_one_cm":469,"minecraft:sprint_one_cm":12707,"minecraft:play_time":24711,"minecraft:walk_one_cm":8965,"minecraft:damage_taken":310,"minecraft:deaths":1,"minecraft:sneak_time":316,"minecraft:drop":5,"minecraft:damage_dealt_resisted":8,"minecraft:jump":80,"minecraft:damage_dealt":12,"minecraft:leave_game":2,"minecraft:time_since_death":3857,"minecraft:total_world_time":24711,"minecraft:interact_with_crafting_table":1,"minecraft:fall_one_cm":2434,"minecraft:fly_one_cm":7048},"minecraft:crafted":{"minecraft:acacia_planks":20,"minecraft:crafting_table":1,"minecraft:stick":8,"minecraft:wooden_pickaxe":1},"minecraft:picked_up":{"minecraft:wheat_seeds":2,"minecraft:acacia_log":5,"minecraft:dirt":3},"minecraft:dropped":{"minecraft:dirt":3,"minecraft:wheat_seeds":2},"minecraft:mined":{"minecraft:grass":6,"minecraft:acacia_log":5,"minecraft:grass_block":2,"minecraft:dirt":1},"minecraft:killed_by":{"born_in_chaos_v1:spirit_guide":1}},"DataVersion":3465}