{"stats":{"minecraft:crafted":{"minecraft:oak_planks":4,"sophisticatedbackpacks:backpack":1,"vanillaplustools:stone_hammer":2,"minecraft:crafting_table":1,"minecraft:wooden_pickaxe":1,"minecraft:cooked_chicken":2,"minecraft:furnace":1,"minecraft:stone_axe":1,"minecraft:cooked_mutton":5,"minecraft:air":0,"minecraft:jungle_planks":24,"quark:acacia_chest":1,"minecraft:string":4,"minecraft:stick":52,"minecraft:stone_pickaxe":20,"minecraft:wooden_axe":1,"minecraft:stone_sword":1,"minecraft:white_bed":1,"minecraft:acacia_planks":60},"minecraft:used":{"alexsmobs:emu_egg":1,"minecraft:cooked_mutton":5,"minecraft:stone_sword":7,"minecraft:stone_pickaxe":126,"minecraft:wooden_pickaxe":19,"minecraft:leather_chestplate":1,"minecraft:cooked_chicken":2,"vanillaplustools:stone_hammer":43,"minecraft:dirt":1,"minecraft:crafting_table":7,"minecraft:jungle_planks":12,"minecraft:white_bed":3,"minecraft:granite":2,"minecraft:wooden_axe":16,"minecraft:apple":2,"minecraft:iron_axe":5,"minecraft:iron_pickaxe":1,"minecraft:item_frame":1,"minecraft:stone_axe":98,"minecraft:cobblestone":19,"minecraft:furnace":1,"minecraft:yellow_bed":1,"tombstone:gift":4,"minecraft:cooked_beef":5,"alexsmobs:animal_dictionary":2,"minecraft:egg":1,"minecraft:experience_bottle":1},"minecraft:killed_by":{"undead_revamp2:bomber":1,"born_in_chaos_v1:spirit_guide":1},"minecraft:killed":{"minecraft:spider":1,"minecraft:sheep":3,"minecraft:horse":10,"endermanoverhaul:cave_enderman":1,"minecraft:chicken":2,"minecraft:cow":4},"minecraft:picked_up":{"minecraft:crafting_table":6,"luminousworld:savannah_ground":2,"minecraft:wheat":20,"minecraft:feather":1,"minecraft:cooked_beef":8,"minecraft:chicken":2,"minecraft:andesite":4,"minecraft:jungle_log":6,"minecraft:yellow_wool":1,"artifacts:umbrella":1,"minecraft:leather":15,"minecraft:smithing_table":1,"minecraft:lead":2,"minecraft:wooden_pickaxe":1,"minecraft:oak_log":1,"minecraft:yellow_bed":1,"minecraft:dirt":12,"minecraft:string":1,"minecraft:lantern":1,"minecraft:raw_copper":7,"minecraft:iron_axe":1,"minecraft:item_frame":1,"minecraft:red_carpet":1,"minecraft:experience_bottle":2,"minecraft:wheat_seeds":96,"minecraft:iron_ingot":3,"minecraft:beef":8,"luminousworld:elephant_grass":1,"minecraft:furnace":1,"minecraft:egg":2,"minecraft:raw_iron":3,"minecraft:stone":1,"minecraft:acacia_log":17,"minecraft:dandelion":1,"minecraft:white_bed":3,"minecraft:spider_eye":1,"minecraft:granite":5,"alexsmobs:emu_egg":1,"minecraft:emerald":1,"supplementaries:ash":4,"minecraft:oak_sapling":1,"minecraft:mutton":5,"minecraft:coal":55,"minecraft:white_wool":3,"minecraft:cobblestone":464},"minecraft:dropped":{"minecraft:stone_axe":1,"minecraft:wheat_seeds":76,"minecraft:cooked_beef":3,"minecraft:stone_sword":1,"minecraft:feather":1,"minecraft:oak_planks":4,"minecraft:lantern":1,"minecraft:leather":4,"minecraft:granite":3,"minecraft:acacia_log":2,"minecraft:red_carpet":1,"minecraft:dirt":11,"supplementaries:ash":4,"minecraft:stone":1,"artifacts:umbrella":1,"minecraft:andesite":4,"minecraft:wooden_axe":1,"luminousworld:savannah_ground":2,"minecraft:oak_sapling":1,"vanillaplustools:stone_hammer":1,"minecraft:spider_eye":1,"luminousworld:elephant_grass":1,"minecraft:stone_pickaxe":1,"minecraft:wooden_pickaxe":2,"minecraft:acacia_planks":21,"minecraft:dandelion":1,"minecraft:egg":1},"minecraft:custom":{"minecraft:interact_with_furnace":11,"minecraft:mob_kills":22,"minecraft:interact_with_crafting_table":22,"minecraft:bell_ring":1,"minecraft:eat_cake_slice":3,"minecraft:damage_dealt_resisted":8,"minecraft:leave_game":4,"minecraft:time_since_death":38209,"minecraft:sleep_in_bed":8,"minecraft:time_since_rest":708,"minecraft:damage_taken":1106,"minecraft:sprint_one_cm":280485,"minecraft:walk_one_cm":157888,"minecraft:drop":70,"minecraft:damage_dealt":3829,"minecraft:swim_one_cm":10161,"minecraft:fly_one_cm":328003,"minecraft:open_chest":16,"minecraft:crouch_one_cm":773,"minecraft:play_time":140232,"minecraft:deaths":2,"minecraft:sneak_time":701,"minecraft:walk_under_water_one_cm":4088,"minecraft:jump":1765,"minecraft:walk_on_water_one_cm":8278,"minecraft:total_world_time":140232,"minecraft:inspect_dispenser":1,"minecraft:fall_one_cm":45465},"minecraft:mined":{"minecraft:smithing_table":1,"minecraft:acacia_leaves":1,"minecraft:white_bed":3,"minecraft:jungle_leaves":1,"minecraft:granite":5,"minecraft:crafting_table":6,"luminousworld:savannah_grass_1":1,"minecraft:acacia_log":17,"minecraft:grass_block":6,"minecraft:jungle_log":7,"minecraft:copper_ore":2,"minecraft:tall_grass":1,"minecraft:wall_torch":1,"luminousworld:savanna_grass_2":1,"minecraft:furnace":1,"minecraft:yellow_wool":1,"minecraft:fire":18,"minecraft:wheat":2,"minecraft:andesite":4,"minecraft:yellow_bed":1,"minecraft:grass":33,"minecraft:coal_ore":32,"minecraft:oak_log":1,"minecraft:vine":1,"minecraft:dirt":1,"minecraft:cobweb":1,"minecraft:stone":471,"luminousworld:elephant_grass":1,"minecraft:oak_leaves":3}},"DataVersion":3465}