{"stats":{"minecraft:used":{"alexsmobs:animal_dictionary":1},"minecraft:mined":{"minecraft:grass":2,"minecraft:grass_block":1,"minecraft:dirt":1},"minecraft:picked_up":{"minecraft:dirt":2},"minecraft:custom":{"minecraft:jump":39,"minecraft:time_since_rest":19555,"minecraft:leave_game":1,"minecraft:crouch_one_cm":67,"minecraft:sprint_one_cm":6731,"minecraft:play_time":19555,"minecraft:time_since_death":19555,"minecraft:walk_one_cm":4300,"minecraft:sneak_time":135,"minecraft:total_world_time":19555,"minecraft:fall_one_cm":418,"minecraft:fly_one_cm":1749}},"DataVersion":3465}