{"stats":{"minecraft:mined":{"minecraft:yellow_terracotta":1,"minecraft:white_bed":3,"iceandfire:silver_ore":7,"minecraft:cobblestone_stairs":2,"minecraft:jungle_leaves":1,"minecraft:budding_amethyst":4,"minecraft:spruce_trapdoor":6,"minecraft:granite":6,"minecraft:acacia_log":20,"minecraft:grass_block":6,"minecraft:jungle_log":7,"quark:acacia_chest":4,"minecraft:cartography_table":1,"luminousworld:savanna_grass_2":1,"minecraft:hay_block":7,"minecraft:tall_seagrass":2,"minecraft:light_blue_wall_banner":1,"minecraft:redstone_ore":3,"minecraft:magma_block":3,"minecraft:furnace":1,"minecraft:iron_ore":21,"minecraft:fire":36,"placeablesmod:water_bucket_block":1,"minecraft:andesite":14,"minecraft:azure_bluet":1,"supplementaries:stick":1,"minecraft:pointed_dripstone":2,"minecraft:deepslate_iron_ore":9,"minecraft:vine":1,"minecraft:lantern":1,"minecraft:stone":918,"minecraft:orange_bed":3,"minecraft:smithing_table":2,"minecraft:deepslate_redstone_ore":7,"minecraft:scaffolding":4,"minecraft:acacia_leaves":2,"minecraft:glass_pane":4,"luminousworld:tall_deadbush":2,"minecraft:amethyst_cluster":1,"minecraft:brown_carpet":1,"minecraft:dandelion":1,"minecraft:cornflower":1,"minecraft:crafting_table":8,"minecraft:torch":2,"luminousworld:savannah_grass_1":2,"minecraft:blast_furnace":2,"minecraft:calcite":1,"minecraft:poppy":1,"minecraft:spruce_wall_sign":1,"minecraft:copper_ore":29,"minecraft:tall_grass":3,"minecraft:deepslate_gold_ore":3,"minecraft:lapis_ore":7,"placeablesmod:bread_full_block":1,"minecraft:diorite":40,"minecraft:wall_torch":6,"minecraft:amethyst_block":16,"minecraft:deepslate_copper_ore":6,"minecraft:spruce_stairs":7,"supplementaries:urn":2,"minecraft:acacia_sapling":1,"minecraft:yellow_wool":4,"minecraft:wheat":33,"minecraft:lilac":1,"minecraft:yellow_bed":2,"minecraft:grass":44,"minecraft:coal_ore":81,"minecraft:oak_log":1,"luminousworld:ishstone":3,"minecraft:gravel":2,"minecraft:dirt":1,"minecraft:dripstone_block":4,"minecraft:cobweb":4,"minecraft:smooth_basalt":2,"minecraft:acacia_planks":5,"luminousworld:elephant_grass":3,"minecraft:oak_leaves":3,"minecraft:deepslate":49},"minecraft:used":{"alexsmobs:emu_egg":1,"minecraft:stone_sword":99,"minecraft:cooked_chicken":2,"vanillaplustools:stone_hammer":125,"minecraft:stick":1,"minecraft:orange_bed":2,"minecraft:torch":72,"minecraft:dirt":1,"minecraft:jungle_planks":12,"minecraft:spruce_stairs":1,"minecraft:granite":2,"minecraft:wooden_axe":16,"minecraft:lantern":1,"minecraft:iron_axe":197,"minecraft:item_frame":1,"minecraft:magma_block":2,"minecraft:brown_carpet":4,"minecraft:furnace":3,"minecraft:cobbled_deepslate":1,"tombstone:gift":6,"minecraft:cooked_beef":5,"minecraft:egg":1,"minecraft:acacia_planks":5,"minecraft:water_bucket":3,"minecraft:cooked_mutton":5,"minecraft:wheat_seeds":1,"minecraft:stone_pickaxe":127,"minecraft:cartography_table":1,"minecraft:wooden_pickaxe":19,"minecraft:leather_chestplate":1,"luminousworld:ishstone":2,"minecraft:yellow_terracotta":1,"minecraft:crafting_table":10,"quark:acacia_chest":4,"minecraft:white_bed":3,"minecraft:apple":2,"minecraft:bread":38,"minecraft:iron_pickaxe":90,"minecraft:spruce_trapdoor":1,"minecraft:gravel":2,"minecraft:stone_axe":98,"minecraft:cobblestone":64,"minecraft:smithing_table":1,"minecraft:andesite":9,"minecraft:bucket":4,"minecraft:yellow_bed":1,"alexsmobs:animal_dictionary":2,"minecraft:experience_bottle":1},"minecraft:broken":{"mowziesmobs:umvuthana_mask_fear":1,"minecraft:stone_sword":1,"minecraft:iron_axe":1,"aether:leather_gloves":1},"minecraft:dropped":{"minecraft:wheat_seeds":202,"minecraft:cooked_beef":3,"minecraft:dripstone_block":1,"minecraft:feather":3,"minecraft:lantern":1,"minecraft:leather":4,"minecraft:granite":3,"minecraft:acacia_log":2,"minecraft:coal":19,"minecraft:red_carpet":1,"minecraft:dirt":11,"minecraft:torch":67,"minecraft:cornflower":1,"minecraft:mutton":4,"luminousworld:savannah_ground":2,"minecraft:wooden_axe":1,"minecraft:iron_pickaxe":1,"minecraft:gravel":4,"minecraft:white_wool":1,"minecraft:acacia_planks":21,"minecraft:smooth_basalt":2,"minecraft:dandelion":1,"minecraft:stone_axe":1,"alexsmobs:gazelle_horn":1,"minecraft:stone_sword":1,"minecraft:cobbled_deepslate":3,"minecraft:wheat":33,"minecraft:rotten_flesh":4,"luminousworld:tall_deadbush":4,"minecraft:oak_planks":4,"minecraft:azure_bluet":1,"minecraft:leather_chestplate":2,"supplementaries:ash":34,"minecraft:stone":3,"minecraft:gunpowder":2,"artifacts:umbrella":1,"minecraft:andesite":5,"minecraft:oak_sapling":1,"vanillaplustools:stone_hammer":1,"minecraft:spider_eye":4,"luminousworld:elephant_grass":3,"minecraft:arrow":1,"minecraft:stone_pickaxe":1,"minecraft:wooden_pickaxe":2,"minecraft:egg":1},"minecraft:crafted":{"minecraft:oak_planks":4,"vanillaplustools:stone_hammer":2,"minecraft:cooked_chicken":2,"minecraft:furnace":3,"minecraft:cooked_mutton":5,"quark:acacia_chest":2,"sophisticatedbackpacks:copper_backpack":2,"minecraft:stone_pickaxe":20,"sophisticatedbackpacks:iron_backpack":4,"minecraft:wheat":63,"minecraft:red_dye":1,"paraglider:paraglider":1,"sophisticatedbackpacks:backpack":2,"minecraft:crafting_table":2,"minecraft:wooden_pickaxe":1,"minecraft:copper_ingot":38,"minecraft:stone_axe":1,"minecraft:bread":40,"minecraft:air":0,"minecraft:jungle_planks":24,"minecraft:blue_dye":1,"minecraft:string":16,"minecraft:yellow_dye":1,"minecraft:stick":64,"minecraft:iron_ingot":6,"minecraft:wooden_axe":1,"minecraft:stone_sword":2,"minecraft:white_bed":1,"minecraft:acacia_planks":64,"minecraft:torch":76},"minecraft:custom":{"minecraft:mob_kills":59,"minecraft:interact_with_crafting_table":52,"minecraft:open_barrel":6,"minecraft:bell_ring":1,"minecraft:damage_dealt_resisted":39,"minecraft:eat_cake_slice":3,"minecraft:leave_game":8,"minecraft:time_since_death":3404,"minecraft:walk_one_cm":428843,"minecraft:sprint_one_cm":602613,"minecraft:drop":149,"minecraft:talked_to_villager":1,"minecraft:play_time":294052,"minecraft:sneak_time":5475,"minecraft:deaths":9,"minecraft:walk_under_water_one_cm":15410,"minecraft:jump":3442,"minecraft:interact_with_blast_furnace":1,"minecraft:walk_on_water_one_cm":32529,"minecraft:total_world_time":294052,"minecraft:interact_with_furnace":29,"minecraft:interact_with_cartography_table":1,"minecraft:sleep_in_bed":17,"minecraft:time_since_rest":3119,"minecraft:damage_taken":4735,"minecraft:damage_dealt":12123,"minecraft:swim_one_cm":61540,"minecraft:fly_one_cm":650652,"minecraft:open_chest":59,"minecraft:crouch_one_cm":9116,"tombstone:undead_killed":12,"minecraft:fall_one_cm":80551,"minecraft:inspect_dispenser":1},"minecraft:killed_by":{"born_in_chaos_v1:nightmare_stalker":2,"born_in_chaos_v1:spirit_guide":1,"born_in_chaos_v1:siamese_skeletonsleft":1,"undead_revamp2:bomber":1,"minecraft:zombie":1},"minecraft:killed":{"naturalist:lion":1,"undead_revamp2:thegliter":3,"minecraft:spider":3,"enemyexpansion:direwolf":2,"undead_revamp2:theswarmer":1,"born_in_chaos_v1:maggot":1,"minecraft:skeleton":1,"minecraft:horse":10,"minecraft:chicken":2,"creeperoverhaul:cave_creeper":1,"luminousworld:savannah_zombie":3,"born_in_chaos_v1:baby_skeleton":1,"mowziesmobs:umvuthana_follower_raptor":4,"naturalist:rhino":2,"minecraft:sheep":4,"luminousworld:savannah_skeleton":2,"undead_revamp2:thesomnolence":1,"endermanoverhaul:cave_enderman":2,"minecraft:zombie":1,"born_in_chaos_v1:dread_hound":1,"born_in_chaos_v1:corpse_fly":1,"alexsmobs:gazelle":1,"born_in_chaos_v1:nightmare_stalker":1,"minecraft:cow":9},"minecraft:picked_up":{"minecraft:crafting_table":8,"minecraft:wheat":93,"minecraft:azure_bluet":1,"minecraft:chicken":2,"minecraft:yellow_wool":4,"artifacts:umbrella":1,"minecraft:smithing_table":2,"minecraft:lead":2,"minecraft:wooden_pickaxe":1,"minecraft:amethyst_block":15,"minecraft:cornflower":2,"alexsmobs:gazelle_horn":1,"minecraft:string":9,"minecraft:raw_copper":100,"minecraft:iron_axe":1,"minecraft:item_frame":4,"minecraft:compass":2,"minecraft:iron_shovel":1,"minecraft:experience_bottle":2,"minecraft:cartography_table":1,"minecraft:cobbled_deepslate":45,"minecraft:bucket":1,"minecraft:beef":18,"born_in_chaos_v1:gnawed_bones":1,"minecraft:calcite":2,"minecraft:iron_nugget":20,"minecraft:poppy":1,"minecraft:iron_pickaxe":1,"minecraft:spruce_trapdoor":12,"minecraft:furnace":1,"minecraft:egg":2,"minecraft:stick":1,"minecraft:raw_iron":41,"minecraft:stone":3,"minecraft:torch":70,"minecraft:acacia_log":20,"minecraft:spruce_stairs":11,"minecraft:pointed_dripstone":5,"tombstone:grave_dust":4,"minecraft:diorite":30,"born_in_chaos_v1:nightmare_claw":1,"minecraft:redstone":46,"minecraft:brown_carpet":4,"minecraft:orange_bed":3,"minecraft:stone_sword":1,"minecraft:arrow":3,"minecraft:rotten_flesh":10,"quark:acacia_chest":4,"minecraft:hay_block":7,"minecraft:yellow_terracotta":1,"alexsmobs:emu_egg":1,"luminousworld:tall_deadbush":4,"supplementaries:ash":37,"minecraft:glow_berries":1,"minecraft:mutton":9,"minecraft:white_wool":5,"minecraft:cobblestone":835,"born_in_chaos_v1:corpse_maggot":1,"minecraft:magma_block":3,"luminousworld:savannah_ground":2,"minecraft:leather_chestplate":1,"minecraft:feather":3,"minecraft:cooked_beef":8,"born_in_chaos_v1:monster_flesh":1,"minecraft:water_bucket":2,"minecraft:andesite":14,"minecraft:jungle_log":6,"luminousworld:ishstone":2,"minecraft:leather":22,"minecraft:oak_log":1,"minecraft:gunpowder":2,"minecraft:yellow_bed":1,"minecraft:cobblestone_stairs":2,"minecraft:lapis_lazuli":41,"minecraft:dirt":12,"minecraft:paper":5,"minecraft:lantern":3,"minecraft:red_carpet":1,"minecraft:bone":2,"minecraft:acacia_planks":24,"minecraft:light_blue_banner":1,"minecraft:apple":2,"minecraft:wheat_seeds":269,"minecraft:raw_gold":3,"minecraft:iron_ingot":5,"luminousworld:elephant_grass":3,"minecraft:scaffolding":4,"minecraft:smooth_basalt":2,"minecraft:gravel":6,"born_in_chaos_v1:ethereal_spirit":1,"minecraft:dandelion":2,"minecraft:dripstone_block":4,"minecraft:amethyst_shard":4,"minecraft:blast_furnace":2,"minecraft:white_bed":3,"minecraft:spider_eye":4,"minecraft:granite":6,"minecraft:spruce_sign":16,"minecraft:emerald":2,"minecraft:bread":83,"mowziesmobs:umvuthana_mask_fear":2,"tombstone:magic_scroll":1,"minecraft:oak_sapling":1,"minecraft:coal":93,"iceandfire:raw_silver":7,"minecraft:ender_pearl":1}},"DataVersion":3465}