{"stats":{"minecraft:used":{"minecraft:dirt":3},"minecraft:crafted":{"minecraft:oak_planks":80},"minecraft:picked_up":{"minecraft:stick":2,"biomesoplenty:maple_sapling":3,"minecraft:apple":1,"minecraft:oak_log":20,"minecraft:dirt":4},"minecraft:custom":{"minecraft:time_since_rest":8813,"minecraft:deaths":1,"minecraft:sprint_one_cm":32402,"minecraft:play_time":26438,"minecraft:damage_taken":240,"minecraft:walk_one_cm":22493,"minecraft:jump":173,"minecraft:leave_game":2,"minecraft:time_since_death":9423,"minecraft:walk_on_water_one_cm":111,"minecraft:total_world_time":26438,"minecraft:fall_one_cm":2568,"minecraft:fly_one_cm":43251},"minecraft:killed_by":{"minecraft:zombie":1},"minecraft:mined":{"minecraft:grass":6,"minecraft:grass_block":4,"minecraft:oak_log":20,"biomesoplenty:maple_leaves":3}},"DataVersion":3465}