{"stats":{"minecraft:used":{"minecraft:dirt":3},"minecraft:picked_up":{"minecraft:oak_log":20,"minecraft:dirt":3},"minecraft:custom":{"minecraft:jump":61,"minecraft:time_since_rest":14236,"minecraft:leave_game":1,"minecraft:play_time":14236,"minecraft:sprint_one_cm":6141,"minecraft:walk_on_water_one_cm":111,"minecraft:time_since_death":14236,"minecraft:walk_one_cm":11399,"minecraft:total_world_time":14236,"minecraft:fall_one_cm":1314,"minecraft:fly_one_cm":9859},"minecraft:mined":{"minecraft:grass":6,"minecraft:grass_block":4,"minecraft:oak_log":20,"biomesoplenty:maple_leaves":3}},"DataVersion":3465}