{"stats":{"minecraft:crafted":{"minecraft:wooden_sword":1,"sophisticatedbackpacks:backpack":1,"minecraft:crafting_table":1,"minecraft:wooden_pickaxe":2,"minecraft:cooked_chicken":6,"minecraft:yellow_bed":1,"minecraft:cooked_mutton":6,"quark:acacia_chest":1,"minecraft:string":4,"minecraft:yellow_dye":1,"minecraft:stick":8,"minecraft:iron_ingot":1,"minecraft:wooden_axe":1,"minecraft:white_bed":1,"minecraft:acacia_planks":8,"minecraft:shears":1},"minecraft:used":{"alexsmobs:emu_egg":2,"minecraft:wheat_seeds":21,"minecraft:cooked_mutton":4,"minecraft:stone_sword":44,"minecraft:wooden_pickaxe":57,"vanillaplustools:stone_hammer":28,"minecraft:cooked_chicken":4,"minecraft:dirt":2,"minecraft:crafting_table":2,"minecraft:wooden_axe":35,"minecraft:wooden_sword":101,"minecraft:yellow_bed":3,"minecraft:cooked_beef":3,"minecraft:acacia_planks":1},"minecraft:broken":{"minecraft:wooden_sword":1},"minecraft:killed":{"minecraft:pig":5,"minecraft:salmon":1,"born_in_chaos_v1:maggot":1,"minecraft:sheep":4,"minecraft:chicken":6,"naturalist:bass":1,"mowziesmobs:umvuthana_raptor":1},"minecraft:picked_up":{"mowziesmobs:umvuthana_mask_fury":1,"minecraft:wheat":129,"born_in_chaos_v1:corpse_maggot":1,"minecraft:crafting_table":1,"minecraft:azure_bluet":1,"minecraft:feather":8,"minecraft:cooked_beef":3,"minecraft:chicken":6,"minecraft:flower_pot":1,"minecraft:salmon":2,"minecraft:leather":4,"minecraft:golden_leggings":1,"minecraft:wooden_pickaxe":1,"minecraft:yellow_bed":2,"minecraft:dirt":3,"minecraft:raw_copper":18,"minecraft:cooked_mutton":1,"naturalist:bass":1,"minecraft:item_frame":5,"minecraft:acacia_planks":23,"minecraft:wheat_seeds":411,"minecraft:iron_ingot":2,"luminousworld:elephant_grass":2,"minecraft:poppy":3,"minecraft:bamboo":2,"minecraft:acacia_sapling":1,"minecraft:oak_planks":5,"minecraft:egg":3,"minecraft:book":1,"minecraft:stick":1,"minecraft:raw_iron":1,"minecraft:torch":1,"minecraft:acacia_log":22,"minecraft:dandelion":1,"luminousworld:savannah_soil":5,"minecraft:porkchop":12,"minecraft:polished_andesite":8,"minecraft:stone_sword":2,"minecraft:arrow":1,"quark:acacia_chest":1,"vanillaplustools:stone_hammer":1,"alexsmobs:emu_egg":2,"minecraft:emerald":1,"minecraft:gold_ingot":2,"minecraft:mutton":6,"minecraft:coal":4,"minecraft:white_wool":4,"minecraft:cobblestone":110},"minecraft:dropped":{"minecraft:wheat_seeds":8,"minecraft:oak_planks":1,"minecraft:dirt":1,"minecraft:bamboo":1,"luminousworld:elephant_grass":2,"minecraft:wooden_pickaxe":1,"minecraft:acacia_planks":1},"minecraft:custom":{"minecraft:interact_with_furnace":5,"minecraft:mob_kills":19,"minecraft:interact_with_crafting_table":17,"minecraft:damage_dealt_resisted":10,"minecraft:interact_with_grindstone":1,"minecraft:time_since_death":103732,"minecraft:sleep_in_bed":5,"minecraft:climb_one_cm":444,"minecraft:time_since_rest":319,"minecraft:sprint_one_cm":114857,"minecraft:damage_taken":472,"minecraft:walk_one_cm":323651,"minecraft:drop":8,"minecraft:damage_dealt":1340,"minecraft:swim_one_cm":8344,"minecraft:talked_to_villager":1,"minecraft:fly_one_cm":253417,"minecraft:open_chest":1,"minecraft:crouch_one_cm":125,"minecraft:play_time":103732,"minecraft:sneak_time":29,"minecraft:walk_under_water_one_cm":5436,"minecraft:jump":1332,"minecraft:walk_on_water_one_cm":10251,"minecraft:total_world_time":103732,"minecraft:fall_one_cm":31167},"minecraft:mined":{"minecraft:acacia_leaves":3,"minecraft:dandelion":1,"minecraft:crafting_table":1,"minecraft:acacia_log":20,"minecraft:grass_block":2,"minecraft:poppy":1,"minecraft:tall_grass":10,"minecraft:copper_ore":4,"minecraft:potted_bamboo":1,"minecraft:tall_seagrass":1,"minecraft:wheat":24,"minecraft:iron_ore":1,"minecraft:fire":7,"minecraft:yellow_bed":2,"minecraft:grass":74,"minecraft:coal_ore":4,"minecraft:acacia_planks":1,"minecraft:stone":111,"minecraft:polished_andesite":8,"minecraft:cake":1,"minecraft:oak_leaves":1}},"DataVersion":3465}