{"stats":{"minecraft:mined":{"luminousworld:savannah_soil":1,"minecraft:acacia_leaves":3,"minecraft:dandelion":1,"minecraft:crafting_table":2,"luminousworld:savannah_grass_1":2,"minecraft:acacia_log":20,"minecraft:grass_block":2,"minecraft:poppy":1,"minecraft:cobblestone":2,"minecraft:tall_grass":12,"minecraft:copper_ore":4,"minecraft:potted_bamboo":1,"minecraft:tall_seagrass":1,"minecraft:furnace":1,"minecraft:fire":7,"minecraft:iron_ore":4,"minecraft:wheat":111,"minecraft:yellow_bed":3,"minecraft:grass":74,"minecraft:coal_ore":20,"minecraft:acacia_planks":1,"minecraft:stone":335,"minecraft:polished_andesite":8,"luminousworld:savannah_grass_4":3,"minecraft:cake":1,"minecraft:oak_leaves":1,"minecraft:orange_bed":1},"minecraft:dropped":{"minecraft:wheat_seeds":8,"minecraft:feather":8,"minecraft:oak_planks":1,"minecraft:leather":1,"minecraft:item_frame":5,"minecraft:poppy":3,"minecraft:dirt":1,"minecraft:flower_pot":1,"naturalist:bass":1,"born_in_chaos_v1:corpse_maggot":1,"minecraft:acacia_sapling":1,"tombstone:grave_dust":2,"minecraft:bamboo":2,"luminousworld:elephant_grass":2,"minecraft:arrow":1,"minecraft:wooden_pickaxe":1,"minecraft:acacia_planks":19,"minecraft:egg":3},"minecraft:custom":{"minecraft:interact_with_furnace":13,"minecraft:mob_kills":25,"minecraft:interact_with_crafting_table":20,"minecraft:damage_dealt_resisted":10,"minecraft:interact_with_grindstone":1,"minecraft:time_since_death":44666,"minecraft:sleep_in_bed":7,"minecraft:climb_one_cm":649,"minecraft:time_since_rest":10754,"minecraft:sprint_one_cm":161723,"minecraft:damage_taken":2000,"minecraft:walk_one_cm":477365,"minecraft:drop":38,"minecraft:damage_dealt":2153,"minecraft:swim_one_cm":11607,"minecraft:talked_to_villager":1,"minecraft:fly_one_cm":355000,"minecraft:open_chest":4,"tombstone:undead_killed":2,"minecraft:crouch_one_cm":125,"minecraft:play_time":152508,"minecraft:deaths":4,"minecraft:sneak_time":202,"minecraft:walk_under_water_one_cm":24468,"minecraft:jump":2004,"minecraft:walk_on_water_one_cm":13966,"minecraft:total_world_time":152508,"minecraft:fall_one_cm":47467},"minecraft:crafted":{"minecraft:wooden_sword":1,"sophisticatedbackpacks:backpack":1,"minecraft:cooked_porkchop":12,"minecraft:crafting_table":1,"minecraft:wooden_pickaxe":2,"minecraft:cooked_chicken":6,"minecraft:cooked_salmon":2,"minecraft:copper_ingot":9,"minecraft:yellow_bed":1,"minecraft:bread":43,"minecraft:cooked_mutton":6,"quark:acacia_chest":1,"minecraft:string":4,"minecraft:yellow_dye":1,"minecraft:stick":20,"minecraft:iron_ingot":1,"minecraft:wooden_axe":1,"minecraft:white_bed":1,"minecraft:acacia_planks":88,"minecraft:torch":20,"minecraft:shears":1},"minecraft:used":{"alexsmobs:emu_egg":2,"minecraft:cooked_mutton":7,"minecraft:wheat_seeds":21,"minecraft:stone_sword":58,"minecraft:wooden_pickaxe":69,"vanillaplustools:stone_hammer":147,"minecraft:cooked_chicken":6,"minecraft:dirt":2,"minecraft:crafting_table":2,"minecraft:wooden_axe":35,"minecraft:wooden_sword":101,"minecraft:cobblestone":8,"minecraft:cooked_porkchop":2,"minecraft:furnace":1,"tombstone:gift":6,"minecraft:yellow_bed":5,"minecraft:cooked_beef":3,"minecraft:acacia_planks":1},"minecraft:broken":{"minecraft:wooden_sword":1},"minecraft:killed":{"minecraft:pig":5,"minecraft:salmon":1,"enemyexpansion:sprinter":1,"born_in_chaos_v1:maggot":2,"minecraft:sheep":4,"luminousworld:savannah_skeleton":1,"minecraft:chicken":6,"alexsmobs:maned_wolf":1,"alexsmobs:gazelle":1,"naturalist:bass":1,"bettermobs:capivara":1,"mowziesmobs:umvuthana_raptor":1},"minecraft:killed_by":{"born_in_chaos_v1:nightmare_stalker":4},"minecraft:picked_up":{"born_in_chaos_v1:corpse_maggot":1,"mowziesmobs:umvuthana_mask_fury":1,"minecraft:crafting_table":2,"minecraft:wheat":238,"minecraft:azure_bluet":1,"minecraft:feather":8,"minecraft:cooked_beef":3,"minecraft:chicken":6,"minecraft:flower_pot":1,"minecraft:salmon":2,"minecraft:leather":6,"minecraft:golden_leggings":2,"minecraft:wooden_pickaxe":1,"minecraft:enchanted_book":1,"minecraft:yellow_bed":4,"minecraft:lantern":1,"minecraft:dirt":3,"minecraft:raw_copper":18,"minecraft:acacia_door":2,"minecraft:cooked_mutton":2,"naturalist:bass":1,"minecraft:item_frame":9,"minecraft:experience_bottle":2,"minecraft:acacia_planks":27,"minecraft:wheat_seeds":669,"minecraft:beef":1,"minecraft:iron_ingot":2,"luminousworld:elephant_grass":2,"minecraft:poppy":3,"minecraft:bamboo":2,"minecraft:acacia_sapling":1,"minecraft:oak_planks":5,"minecraft:furnace":1,"minecraft:egg":3,"minecraft:book":1,"minecraft:stick":1,"minecraft:raw_iron":4,"minecraft:torch":4,"minecraft:acacia_log":22,"minecraft:dandelion":1,"luminousworld:savannah_soil":6,"minecraft:porkchop":12,"minecraft:carrot":1,"minecraft:polished_andesite":8,"minecraft:stone_sword":2,"minecraft:arrow":1,"quark:acacia_chest":1,"supplementaries:ash":7,"vanillaplustools:stone_hammer":1,"minecraft:emerald":1,"alexsmobs:emu_egg":2,"minecraft:gold_ingot":5,"minecraft:mutton":6,"minecraft:coal":50,"minecraft:white_wool":4,"minecraft:cobblestone":360}},"DataVersion":3465}