{"stats":{"minecraft:mined":{"minecraft:budding_amethyst":14,"minecraft:acacia_log":20,"minecraft:grass_block":2,"minecraft:potted_bamboo":1,"minecraft:tall_seagrass":1,"minecraft:furnace":1,"minecraft:iron_ore":25,"minecraft:fire":7,"placeablesmod:water_bucket_block":1,"minecraft:andesite":5,"placeablesmod:empty_bucket_block":1,"minecraft:pointed_dripstone":1,"minecraft:deepslate_iron_ore":7,"minecraft:small_amethyst_bud":1,"minecraft:stone":520,"minecraft:cake":2,"minecraft:orange_bed":2,"luminousworld:savannah_soil":1,"minecraft:acacia_leaves":3,"minecraft:amethyst_cluster":1,"minecraft:dandelion":1,"minecraft:crafting_table":3,"luminousworld:savannah_grass_1":2,"minecraft:calcite":6,"minecraft:poppy":1,"minecraft:tall_grass":17,"minecraft:copper_ore":6,"minecraft:cobblestone":2,"minecraft:diorite":13,"minecraft:amethyst_block":107,"minecraft:wheat":111,"minecraft:yellow_bed":3,"minecraft:grass":96,"minecraft:coal_ore":29,"luminousworld:ishstone":4,"minecraft:acacia_planks":1,"minecraft:polished_andesite":8,"luminousworld:savannah_grass_4":3,"minecraft:oak_leaves":1},"minecraft:used":{"alexsmobs:emu_egg":2,"minecraft:stone_sword":127,"vanillaplustools:stone_hammer":199,"minecraft:cooked_chicken":6,"minecraft:dirt":2,"minecraft:wooden_axe":35,"minecraft:furnace":1,"tombstone:gift":6,"minecraft:cooked_beef":3,"minecraft:acacia_planks":1,"minecraft:wheat_seeds":21,"minecraft:cooked_mutton":8,"minecraft:stone_pickaxe":146,"minecraft:wooden_pickaxe":69,"minecraft:crafting_table":3,"minecraft:wooden_sword":101,"minecraft:cobblestone":14,"minecraft:cooked_porkchop":9,"minecraft:yellow_bed":5,"minecraft:experience_bottle":2},"minecraft:broken":{"minecraft:stone_pickaxe":1,"vanillaplustools:stone_hammer":1,"minecraft:wooden_sword":1},"minecraft:dropped":{"minecraft:wheat_seeds":9,"minecraft:feather":8,"minecraft:leather":1,"minecraft:copper_ingot":9,"minecraft:item_frame":13,"minecraft:dirt":1,"naturalist:bass":1,"tombstone:grave_dust":2,"minecraft:acacia_planks":19,"minecraft:wheat":1,"minecraft:oak_planks":1,"luminousworld:savannah_soil":1,"minecraft:poppy":3,"minecraft:flower_pot":1,"born_in_chaos_v1:corpse_maggot":1,"minecraft:acacia_sapling":1,"minecraft:bamboo":2,"luminousworld:elephant_grass":2,"minecraft:arrow":1,"minecraft:wooden_pickaxe":1,"minecraft:egg":3},"minecraft:crafted":{"minecraft:wooden_sword":1,"minecraft:cooked_chicken":6,"minecraft:yellow_bed":1,"minecraft:cooked_mutton":6,"quark:acacia_chest":1,"minecraft:stone_pickaxe":2,"sophisticatedbackpacks:backpack":1,"minecraft:cooked_porkchop":12,"minecraft:crafting_table":1,"minecraft:wooden_pickaxe":2,"minecraft:cooked_salmon":2,"minecraft:copper_ingot":9,"minecraft:bread":43,"minecraft:string":4,"minecraft:yellow_dye":1,"minecraft:stick":60,"minecraft:iron_ingot":1,"minecraft:wooden_axe":1,"minecraft:white_bed":1,"minecraft:acacia_planks":88,"minecraft:torch":20,"minecraft:shears":1},"minecraft:custom":{"minecraft:mob_kills":36,"minecraft:interact_with_crafting_table":22,"minecraft:open_barrel":1,"minecraft:damage_dealt_resisted":10,"minecraft:leave_game":2,"minecraft:time_since_death":91186,"minecraft:climb_one_cm":813,"minecraft:sprint_one_cm":205058,"minecraft:walk_one_cm":593802,"minecraft:drop":44,"minecraft:talked_to_villager":1,"minecraft:play_time":199028,"minecraft:deaths":4,"minecraft:sneak_time":314,"minecraft:walk_under_water_one_cm":27040,"minecraft:jump":2624,"minecraft:walk_on_water_one_cm":27810,"minecraft:total_world_time":199028,"minecraft:interact_with_furnace":13,"minecraft:interact_with_grindstone":1,"minecraft:sleep_in_bed":8,"minecraft:time_since_rest":41240,"minecraft:damage_taken":2678,"minecraft:damage_dealt":3655,"minecraft:swim_one_cm":20006,"minecraft:fly_one_cm":467592,"minecraft:open_chest":5,"minecraft:crouch_one_cm":132,"tombstone:undead_killed":3,"minecraft:fall_one_cm":68158},"minecraft:killed":{"born_in_chaos_v1:maggot":2,"minecraft:chicken":7,"naturalist:bass":1,"minecraft:pig":6,"minecraft:salmon":1,"enemyexpansion:sprinter":1,"minecraft:sheep":7,"luminousworld:savannah_skeleton":2,"alexsmobs:maned_wolf":1,"alexsmobs:gazelle":1,"bettermobs:capivara":1,"mowziesmobs:umvuthana_raptor":1,"minecraft:cow":5},"minecraft:killed_by":{"born_in_chaos_v1:nightmare_stalker":4},"minecraft:picked_up":{"minecraft:crafting_table":3,"minecraft:wheat":240,"minecraft:azure_bluet":1,"minecraft:chicken":6,"minecraft:flower_pot":1,"minecraft:wooden_pickaxe":1,"minecraft:enchanted_book":1,"minecraft:amethyst_block":105,"minecraft:acacia_door":2,"minecraft:raw_copper":33,"minecraft:item_frame":13,"minecraft:experience_bottle":2,"minecraft:beef":9,"minecraft:calcite":2,"minecraft:poppy":3,"minecraft:egg":3,"minecraft:furnace":1,"minecraft:stick":1,"minecraft:raw_iron":33,"minecraft:torch":5,"minecraft:acacia_log":22,"luminousworld:savannah_soil":6,"minecraft:porkchop":14,"minecraft:diorite":23,"minecraft:carrot":1,"minecraft:orange_bed":1,"minecraft:stone_sword":2,"minecraft:arrow":3,"quark:acacia_chest":1,"alexsmobs:emu_egg":2,"minecraft:gold_ingot":5,"supplementaries:ash":7,"minecraft:mutton":10,"minecraft:white_wool":4,"minecraft:cobblestone":571,"born_in_chaos_v1:corpse_maggot":1,"mowziesmobs:umvuthana_mask_fury":1,"minecraft:feather":8,"minecraft:cooked_beef":3,"minecraft:andesite":3,"minecraft:salmon":2,"luminousworld:ishstone":4,"minecraft:leather":14,"minecraft:golden_leggings":2,"minecraft:yellow_bed":4,"minecraft:dirt":3,"minecraft:lantern":1,"minecraft:cooked_mutton":2,"naturalist:bass":1,"minecraft:acacia_planks":27,"minecraft:wheat_seeds":674,"luminousworld:elephant_grass":2,"minecraft:iron_ingot":2,"minecraft:bamboo":2,"minecraft:acacia_sapling":1,"minecraft:oak_planks":5,"minecraft:book":1,"minecraft:dandelion":1,"minecraft:amethyst_shard":8,"minecraft:polished_andesite":8,"vanillaplustools:stone_hammer":1,"minecraft:emerald":1,"minecraft:black_wool":1,"minecraft:coal":58}},"DataVersion":3465}