{"stats":{"minecraft:crafted":{"minecraft:wooden_sword":1,"sophisticatedbackpacks:backpack":1,"minecraft:crafting_table":1,"minecraft:wooden_pickaxe":2,"minecraft:cooked_chicken":6,"minecraft:yellow_bed":1,"minecraft:cooked_mutton":6,"quark:acacia_chest":1,"minecraft:string":4,"minecraft:yellow_dye":1,"minecraft:stick":8,"minecraft:iron_ingot":1,"minecraft:wooden_axe":1,"minecraft:white_bed":1,"minecraft:acacia_planks":8,"minecraft:shears":1},"minecraft:used":{"minecraft:stone_sword":9,"minecraft:wooden_pickaxe":57,"vanillaplustools:stone_hammer":28,"minecraft:cooked_chicken":4,"minecraft:dirt":2,"minecraft:crafting_table":2,"minecraft:wooden_axe":12,"minecraft:wooden_sword":101,"minecraft:yellow_bed":3,"minecraft:cooked_beef":3,"minecraft:acacia_planks":1},"minecraft:broken":{"minecraft:wooden_sword":1},"minecraft:killed":{"minecraft:pig":5,"minecraft:salmon":1,"minecraft:sheep":4,"minecraft:chicken":6,"naturalist:bass":1},"minecraft:picked_up":{"minecraft:crafting_table":1,"minecraft:feather":5,"minecraft:cooked_beef":3,"minecraft:chicken":6,"minecraft:flower_pot":1,"minecraft:salmon":2,"minecraft:leather":4,"minecraft:golden_leggings":1,"minecraft:wooden_pickaxe":1,"minecraft:yellow_bed":2,"minecraft:dirt":3,"minecraft:raw_copper":18,"minecraft:cooked_mutton":1,"naturalist:bass":1,"minecraft:item_frame":5,"minecraft:acacia_planks":22,"minecraft:wheat_seeds":8,"minecraft:iron_ingot":2,"luminousworld:elephant_grass":2,"minecraft:poppy":1,"minecraft:bamboo":2,"minecraft:acacia_sapling":1,"minecraft:oak_planks":5,"minecraft:egg":3,"minecraft:book":1,"minecraft:stick":1,"minecraft:raw_iron":1,"minecraft:acacia_log":2,"minecraft:dandelion":1,"luminousworld:savannah_soil":5,"minecraft:porkchop":12,"minecraft:polished_andesite":8,"minecraft:stone_sword":2,"minecraft:arrow":1,"quark:acacia_chest":1,"vanillaplustools:stone_hammer":1,"minecraft:emerald":1,"minecraft:gold_ingot":2,"minecraft:mutton":6,"minecraft:coal":4,"minecraft:white_wool":4,"minecraft:cobblestone":110},"minecraft:dropped":{"minecraft:wheat_seeds":8,"minecraft:oak_planks":1,"minecraft:dirt":1,"minecraft:bamboo":1,"luminousworld:elephant_grass":2,"minecraft:wooden_pickaxe":1,"minecraft:acacia_planks":1},"minecraft:custom":{"minecraft:interact_with_furnace":4,"minecraft:mob_kills":17,"minecraft:interact_with_crafting_table":15,"minecraft:interact_with_grindstone":1,"minecraft:time_since_death":85732,"minecraft:sleep_in_bed":3,"minecraft:climb_one_cm":444,"minecraft:time_since_rest":46501,"minecraft:sprint_one_cm":89380,"minecraft:damage_taken":258,"minecraft:walk_one_cm":248928,"minecraft:drop":8,"minecraft:damage_dealt":1159,"minecraft:swim_one_cm":8344,"minecraft:talked_to_villager":1,"minecraft:fly_one_cm":203745,"minecraft:open_chest":1,"minecraft:crouch_one_cm":125,"minecraft:play_time":85732,"minecraft:sneak_time":28,"minecraft:walk_under_water_one_cm":5436,"minecraft:jump":1002,"minecraft:walk_on_water_one_cm":6887,"minecraft:total_world_time":85732,"minecraft:fall_one_cm":24291},"minecraft:mined":{"minecraft:acacia_leaves":1,"minecraft:dandelion":1,"minecraft:crafting_table":1,"minecraft:grass_block":2,"minecraft:poppy":1,"minecraft:tall_grass":10,"minecraft:copper_ore":4,"minecraft:potted_bamboo":1,"minecraft:tall_seagrass":1,"minecraft:iron_ore":1,"minecraft:fire":7,"minecraft:yellow_bed":2,"minecraft:grass":73,"minecraft:coal_ore":4,"minecraft:stone":111,"minecraft:polished_andesite":8,"minecraft:cake":1,"minecraft:oak_leaves":1}},"DataVersion":3465}