{"stats":{"minecraft:mined":{"minecraft:deepslate_diamond_ore":2,"minecraft:candle":1,"alexsmobs:leafcutter_anthill":1,"minecraft:budding_amethyst":14,"minecraft:acacia_log":20,"minecraft:grass_block":6,"luminousworld:grassvariant_2":2,"quark:acacia_chest":2,"minecraft:birch_slab":1,"minecraft:potted_bamboo":1,"luminousworld:savanna_grass_2":17,"minecraft:hay_block":4,"minecraft:tall_seagrass":1,"minecraft:furnace":2,"minecraft:iron_ore":25,"minecraft:fire":7,"placeablesmod:water_bucket_block":1,"minecraft:andesite":12,"minecraft:azure_bluet":1,"placeablesmod:empty_bucket_block":1,"minecraft:pointed_dripstone":1,"minecraft:deepslate_iron_ore":11,"minecraft:small_amethyst_bud":1,"minecraft:stone":520,"minecraft:cake":2,"minecraft:orange_bed":4,"luminousworld:savannah_soil":1,"minecraft:acacia_leaves":3,"luminousworld:tall_deadbush":1,"minecraft:amethyst_cluster":1,"minecraft:dandelion":1,"minecraft:crafting_table":6,"luminousworld:savannah_grass_1":13,"minecraft:calcite":6,"minecraft:poppy":1,"minecraft:tall_grass":21,"minecraft:copper_ore":6,"minecraft:cobblestone":32,"minecraft:diorite":13,"minecraft:wall_torch":1,"minecraft:amethyst_block":107,"minecraft:wheat":115,"minecraft:yellow_bed":3,"minecraft:grass":112,"minecraft:coal_ore":29,"luminousworld:ishstone":4,"minecraft:acacia_fence":2,"minecraft:dirt":7,"minecraft:acacia_planks":2,"minecraft:polished_andesite":8,"luminousworld:elephant_grass":9,"luminousworld:savannah_grass_4":23,"minecraft:oak_leaves":1},"minecraft:used":{"alexsmobs:emu_egg":3,"minecraft:stone_sword":246,"minecraft:chest":2,"vanillaplustools:stone_hammer":199,"minecraft:cooked_chicken":6,"minecraft:orange_bed":2,"minecraft:torch":14,"minecraft:dirt":11,"minecraft:carrot":2,"minecraft:wooden_axe":35,"luminousworld:elephant_grass":1,"minecraft:golden_sword":50,"supplementaries:ash":8,"minecraft:furnace":3,"minecraft:acacia_fence":1,"tombstone:gift":8,"minecraft:cooked_beef":3,"minecraft:acacia_planks":2,"minecraft:wheat_seeds":25,"minecraft:cooked_mutton":8,"minecraft:stone_pickaxe":192,"minecraft:wooden_pickaxe":72,"minecraft:leather_chestplate":1,"minecraft:sandstone":1,"minecraft:glow_berries":2,"minecraft:crafting_table":6,"quark:acacia_chest":2,"minecraft:apple":3,"minecraft:birch_slab":3,"minecraft:bread":12,"minecraft:iron_pickaxe":9,"minecraft:wooden_sword":101,"minecraft:cobblestone":90,"minecraft:cooked_porkchop":12,"minecraft:andesite":10,"minecraft:yellow_bed":5,"minecraft:experience_bottle":2},"minecraft:broken":{"minecraft:stone_sword":1,"minecraft:golden_leggings":1,"minecraft:stone_pickaxe":1,"mowziesmobs:umvuthana_mask_fury":1,"vanillaplustools:stone_hammer":1,"minecraft:wooden_sword":1},"minecraft:dropped":{"minecraft:wheat_seeds":10,"minecraft:crafting_table":1,"minecraft:feather":8,"minecraft:leather":1,"minecraft:copper_ingot":9,"minecraft:stick":12,"minecraft:item_frame":13,"minecraft:dirt":1,"minecraft:leather_horse_armor":1,"naturalist:bass":1,"tombstone:grave_dust":2,"paraglider:paraglider":1,"minecraft:acacia_planks":28,"minecraft:gravel":3,"minecraft:wheat":1,"minecraft:rotten_flesh":6,"minecraft:oak_planks":1,"luminousworld:savannah_soil":1,"minecraft:shears":2,"minecraft:poppy":3,"minecraft:flower_pot":1,"minecraft:gunpowder":2,"born_in_chaos_v1:corpse_maggot":1,"minecraft:acacia_sapling":1,"minecraft:bamboo":2,"luminousworld:elephant_grass":3,"minecraft:arrow":1,"minecraft:wooden_pickaxe":1,"minecraft:egg":3},"minecraft:crafted":{"minecraft:wooden_sword":1,"minecraft:cooked_chicken":6,"minecraft:furnace":1,"minecraft:yellow_bed":1,"minecraft:cooked_mutton":6,"quark:acacia_chest":3,"minecraft:stone_pickaxe":2,"minecraft:chest":2,"minecraft:golden_sword":1,"paraglider:paraglider":1,"minecraft:wheat":36,"sophisticatedbackpacks:backpack":1,"minecraft:cooked_porkchop":12,"minecraft:crafting_table":2,"minecraft:wooden_pickaxe":2,"minecraft:cooked_salmon":2,"minecraft:copper_ingot":9,"minecraft:bread":43,"minecraft:string":4,"minecraft:yellow_dye":1,"minecraft:stick":68,"minecraft:iron_ingot":6,"minecraft:iron_pickaxe":1,"minecraft:wooden_axe":1,"minecraft:light_gray_dye":1,"minecraft:white_bed":1,"minecraft:acacia_planks":88,"minecraft:torch":20,"minecraft:shears":1},"minecraft:custom":{"minecraft:mob_kills":44,"minecraft:interact_with_crafting_table":26,"minecraft:open_barrel":6,"minecraft:bell_ring":1,"minecraft:damage_dealt_resisted":20,"minecraft:leave_game":3,"minecraft:time_since_death":14173,"minecraft:climb_one_cm":813,"minecraft:sprint_one_cm":414128,"minecraft:walk_one_cm":989254,"minecraft:drop":73,"minecraft:talked_to_villager":2,"minecraft:play_time":373756,"minecraft:deaths":16,"minecraft:sneak_time":495,"minecraft:walk_under_water_one_cm":29795,"minecraft:jump":5525,"minecraft:walk_on_water_one_cm":67710,"minecraft:total_world_time":373756,"minecraft:interact_with_furnace":15,"minecraft:interact_with_grindstone":1,"minecraft:sleep_in_bed":15,"minecraft:time_since_rest":14038,"minecraft:damage_taken":7094,"minecraft:damage_dealt":5474,"minecraft:swim_one_cm":20006,"minecraft:fly_one_cm":1053333,"minecraft:open_chest":25,"minecraft:crouch_one_cm":256,"tombstone:undead_killed":6,"minecraft:fall_one_cm":134000},"minecraft:killed_by":{"undead_revamp2:the_moonflower":1,"born_in_chaos_v1:nightmare_stalker":4,"undead_revamp2:thesomnolence":1,"born_in_chaos_v1:siamese_skeletonsleft":1,"enemyexpansion:huntsman":1,"born_in_chaos_v1:decaying_zombie":2,"born_in_chaos_v1:siamese_skeletons":1,"minecraft:zombie":1,"illagerinvasion:marauder":1,"enemyexpansion:invisicreeper":2},"minecraft:killed":{"alexsmobs:hummingbird":1,"undead_revamp2:thegliter":1,"born_in_chaos_v1:maggot":2,"minecraft:skeleton":1,"minecraft:chicken":7,"naturalist:bass":1,"luminousworld:savannah_zombie":1,"mowziesmobs:umvuthana":2,"minecraft:pig":6,"minecraft:salmon":1,"enemyexpansion:sprinter":1,"mowziesmobs:umvuthana_follower_raptor":1,"minecraft:sheep":7,"luminousworld:savannah_skeleton":2,"born_in_chaos_v1:corpse_fly":1,"alexsmobs:maned_wolf":1,"alexsmobs:gazelle":1,"bettermobs:capivara":1,"mowziesmobs:umvuthana_raptor":1,"minecraft:cow":5},"minecraft:picked_up":{"luminousworld:groundpebbles_1":1,"minecraft:crafting_table":6,"minecraft:wheat":361,"minecraft:azure_bluet":2,"minecraft:chicken":6,"minecraft:flower_pot":1,"minecraft:wooden_pickaxe":2,"minecraft:enchanted_book":1,"minecraft:amethyst_block":105,"minecraft:acacia_door":2,"minecraft:raw_copper":33,"minecraft:item_frame":13,"minecraft:experience_bottle":2,"paraglider:deku_leaf":1,"minecraft:candle":4,"minecraft:beef":9,"minecraft:calcite":4,"minecraft:poppy":3,"minecraft:iron_pickaxe":1,"minecraft:furnace":2,"minecraft:egg":5,"minecraft:sandstone":1,"minecraft:stick":8,"minecraft:raw_iron":63,"minecraft:acacia_fence":1,"minecraft:torch":46,"minecraft:acacia_log":22,"luminousworld:savannah_soil":6,"minecraft:porkchop":16,"minecraft:diorite":40,"minecraft:carrot":1,"minecraft:orange_bed":4,"minecraft:stone_sword":3,"minecraft:arrow":4,"minecraft:rotten_flesh":12,"quark:acacia_chest":3,"minecraft:shears":1,"minecraft:hay_block":4,"mowziesmobs:umvuthana_mask_bliss":1,"alexsmobs:emu_egg":3,"luminousworld:tall_deadbush":1,"minecraft:gold_ingot":8,"supplementaries:ash":21,"minecraft:leather_horse_armor":2,"minecraft:glow_berries":1,"minecraft:mutton":14,"minecraft:white_wool":4,"minecraft:cobblestone":1135,"paraglider:paraglider":1,"born_in_chaos_v1:corpse_maggot":1,"mowziesmobs:umvuthana_mask_fury":1,"minecraft:lilac":2,"minecraft:feather":12,"minecraft:cooked_beef":3,"minecraft:birch_slab":3,"minecraft:glow_ink_sac":4,"minecraft:andesite":13,"minecraft:salmon":2,"luminousworld:ishstone":8,"minecraft:leather":14,"minecraft:golden_leggings":2,"minecraft:yellow_bed":4,"minecraft:gunpowder":2,"minecraft:dirt":14,"minecraft:lantern":1,"minecraft:cooked_mutton":2,"naturalist:bass":1,"minecraft:acacia_planks":32,"mowziesmobs:umvuthana_mask_rage":1,"minecraft:wheat_seeds":706,"minecraft:stone_pickaxe":1,"luminousworld:elephant_grass":10,"minecraft:iron_ingot":11,"minecraft:bamboo":2,"minecraft:acacia_sapling":1,"minecraft:oak_planks":5,"minecraft:book":1,"minecraft:dandelion":1,"minecraft:gravel":3,"minecraft:amethyst_shard":8,"minecraft:polished_andesite":8,"minecraft:diamond":4,"vanillaplustools:stone_hammer":1,"minecraft:emerald":1,"minecraft:black_wool":2,"minecraft:coal":128,"minecraft:wooden_axe":1}},"DataVersion":3465}