{"stats":{"minecraft:mined":{"minecraft:deepslate_diamond_ore":2,"minecraft:candle":1,"minecraft:budding_amethyst":14,"minecraft:acacia_log":20,"minecraft:grass_block":2,"minecraft:potted_bamboo":1,"luminousworld:savanna_grass_2":3,"minecraft:hay_block":4,"minecraft:tall_seagrass":1,"minecraft:furnace":2,"minecraft:iron_ore":25,"minecraft:fire":7,"placeablesmod:water_bucket_block":1,"minecraft:andesite":5,"placeablesmod:empty_bucket_block":1,"minecraft:pointed_dripstone":1,"minecraft:deepslate_iron_ore":11,"minecraft:small_amethyst_bud":1,"minecraft:stone":520,"minecraft:cake":2,"minecraft:orange_bed":2,"luminousworld:savannah_soil":1,"minecraft:acacia_leaves":3,"minecraft:amethyst_cluster":1,"minecraft:dandelion":1,"minecraft:crafting_table":4,"luminousworld:savannah_grass_1":3,"minecraft:calcite":6,"minecraft:poppy":1,"minecraft:tall_grass":19,"minecraft:copper_ore":6,"minecraft:cobblestone":2,"minecraft:diorite":13,"minecraft:wall_torch":1,"minecraft:amethyst_block":107,"minecraft:wheat":115,"minecraft:yellow_bed":3,"minecraft:grass":99,"minecraft:coal_ore":29,"luminousworld:ishstone":4,"minecraft:acacia_fence":2,"minecraft:acacia_planks":1,"minecraft:polished_andesite":8,"luminousworld:elephant_grass":1,"luminousworld:savannah_grass_4":4,"minecraft:oak_leaves":1},"minecraft:used":{"alexsmobs:emu_egg":2,"minecraft:stone_sword":199,"vanillaplustools:stone_hammer":199,"minecraft:cooked_chicken":6,"minecraft:torch":14,"minecraft:dirt":2,"minecraft:carrot":2,"minecraft:wooden_axe":35,"supplementaries:ash":8,"minecraft:furnace":2,"minecraft:acacia_fence":1,"tombstone:gift":6,"minecraft:cooked_beef":3,"minecraft:acacia_planks":1,"minecraft:wheat_seeds":25,"minecraft:cooked_mutton":8,"minecraft:stone_pickaxe":151,"minecraft:wooden_pickaxe":69,"minecraft:leather_chestplate":1,"minecraft:glow_berries":2,"minecraft:crafting_table":4,"minecraft:apple":3,"minecraft:bread":3,"minecraft:iron_pickaxe":4,"minecraft:wooden_sword":101,"minecraft:cobblestone":29,"minecraft:cooked_porkchop":12,"minecraft:yellow_bed":5,"minecraft:experience_bottle":2},"minecraft:broken":{"minecraft:stone_sword":1,"minecraft:golden_leggings":1,"minecraft:stone_pickaxe":1,"mowziesmobs:umvuthana_mask_fury":1,"vanillaplustools:stone_hammer":1,"minecraft:wooden_sword":1},"minecraft:dropped":{"minecraft:wheat_seeds":10,"minecraft:feather":8,"minecraft:leather":1,"minecraft:copper_ingot":9,"minecraft:item_frame":13,"minecraft:dirt":1,"naturalist:bass":1,"tombstone:grave_dust":2,"minecraft:acacia_planks":28,"minecraft:gravel":3,"minecraft:wheat":1,"minecraft:rotten_flesh":6,"minecraft:oak_planks":1,"luminousworld:savannah_soil":1,"minecraft:poppy":3,"minecraft:flower_pot":1,"minecraft:gunpowder":2,"born_in_chaos_v1:corpse_maggot":1,"minecraft:acacia_sapling":1,"minecraft:bamboo":2,"luminousworld:elephant_grass":2,"minecraft:arrow":1,"minecraft:wooden_pickaxe":1,"minecraft:egg":3},"minecraft:crafted":{"minecraft:wooden_sword":1,"minecraft:cooked_chicken":6,"minecraft:furnace":1,"minecraft:yellow_bed":1,"minecraft:cooked_mutton":6,"quark:acacia_chest":1,"minecraft:stone_pickaxe":2,"minecraft:wheat":36,"sophisticatedbackpacks:backpack":1,"minecraft:cooked_porkchop":12,"minecraft:crafting_table":1,"minecraft:wooden_pickaxe":2,"minecraft:cooked_salmon":2,"minecraft:copper_ingot":9,"minecraft:bread":43,"minecraft:string":4,"minecraft:yellow_dye":1,"minecraft:stick":60,"minecraft:iron_ingot":6,"minecraft:iron_pickaxe":1,"minecraft:wooden_axe":1,"minecraft:white_bed":1,"minecraft:acacia_planks":88,"minecraft:torch":20,"minecraft:shears":1},"minecraft:custom":{"minecraft:mob_kills":41,"minecraft:interact_with_crafting_table":24,"minecraft:open_barrel":6,"minecraft:bell_ring":1,"minecraft:damage_dealt_resisted":10,"minecraft:leave_game":3,"minecraft:time_since_death":9745,"minecraft:climb_one_cm":813,"minecraft:sprint_one_cm":319750,"minecraft:walk_one_cm":831718,"minecraft:drop":64,"minecraft:talked_to_villager":2,"minecraft:play_time":277756,"minecraft:deaths":11,"minecraft:sneak_time":319,"minecraft:walk_under_water_one_cm":27480,"minecraft:jump":4288,"minecraft:walk_on_water_one_cm":59069,"minecraft:total_world_time":277756,"minecraft:interact_with_furnace":15,"minecraft:interact_with_grindstone":1,"minecraft:sleep_in_bed":11,"minecraft:time_since_rest":7710,"minecraft:damage_taken":5108,"minecraft:damage_dealt":4805,"minecraft:swim_one_cm":20006,"minecraft:fly_one_cm":757307,"minecraft:open_chest":13,"minecraft:crouch_one_cm":132,"tombstone:undead_killed":6,"minecraft:fall_one_cm":109249},"minecraft:killed_by":{"born_in_chaos_v1:nightmare_stalker":4,"undead_revamp2:thesomnolence":1,"born_in_chaos_v1:siamese_skeletonsleft":1,"born_in_chaos_v1:decaying_zombie":2,"born_in_chaos_v1:siamese_skeletons":1,"enemyexpansion:invisicreeper":2},"minecraft:killed":{"alexsmobs:hummingbird":1,"undead_revamp2:thegliter":1,"born_in_chaos_v1:maggot":2,"minecraft:skeleton":1,"minecraft:chicken":7,"naturalist:bass":1,"luminousworld:savannah_zombie":1,"minecraft:pig":6,"minecraft:salmon":1,"enemyexpansion:sprinter":1,"minecraft:sheep":7,"luminousworld:savannah_skeleton":2,"born_in_chaos_v1:corpse_fly":1,"alexsmobs:maned_wolf":1,"alexsmobs:gazelle":1,"bettermobs:capivara":1,"mowziesmobs:umvuthana_raptor":1,"minecraft:cow":5},"minecraft:picked_up":{"luminousworld:groundpebbles_1":1,"minecraft:crafting_table":4,"minecraft:wheat":241,"minecraft:azure_bluet":1,"minecraft:chicken":6,"minecraft:flower_pot":1,"minecraft:wooden_pickaxe":1,"minecraft:enchanted_book":1,"minecraft:amethyst_block":105,"minecraft:acacia_door":2,"minecraft:raw_copper":33,"minecraft:item_frame":13,"minecraft:experience_bottle":2,"minecraft:candle":2,"minecraft:beef":9,"minecraft:calcite":2,"minecraft:poppy":3,"minecraft:furnace":2,"minecraft:egg":3,"minecraft:stick":1,"minecraft:raw_iron":63,"minecraft:acacia_fence":1,"minecraft:torch":28,"minecraft:acacia_log":22,"luminousworld:savannah_soil":6,"minecraft:porkchop":14,"minecraft:diorite":23,"minecraft:carrot":1,"minecraft:orange_bed":1,"minecraft:stone_sword":2,"minecraft:arrow":4,"minecraft:rotten_flesh":9,"quark:acacia_chest":1,"minecraft:hay_block":4,"alexsmobs:emu_egg":2,"minecraft:gold_ingot":5,"supplementaries:ash":14,"minecraft:leather_horse_armor":1,"minecraft:glow_berries":1,"minecraft:mutton":10,"minecraft:white_wool":4,"minecraft:cobblestone":571,"born_in_chaos_v1:corpse_maggot":1,"mowziesmobs:umvuthana_mask_fury":1,"minecraft:feather":8,"minecraft:cooked_beef":3,"minecraft:glow_ink_sac":2,"minecraft:andesite":3,"minecraft:salmon":2,"luminousworld:ishstone":4,"minecraft:leather":14,"minecraft:golden_leggings":2,"minecraft:yellow_bed":4,"minecraft:gunpowder":2,"minecraft:dirt":3,"minecraft:lantern":1,"minecraft:cooked_mutton":2,"naturalist:bass":1,"minecraft:acacia_planks":31,"minecraft:wheat_seeds":679,"luminousworld:elephant_grass":3,"minecraft:iron_ingot":6,"minecraft:bamboo":2,"minecraft:acacia_sapling":1,"minecraft:oak_planks":5,"minecraft:book":1,"minecraft:dandelion":1,"minecraft:gravel":3,"minecraft:amethyst_shard":8,"minecraft:polished_andesite":8,"minecraft:diamond":2,"vanillaplustools:stone_hammer":1,"minecraft:emerald":1,"minecraft:black_wool":1,"minecraft:coal":91}},"DataVersion":3465}